season,city,venue,team1,team2,toss_winner,toss_decision,team1_win_rate,team2_win_rate,team1_won
2007/08,Bangalore,M Chinnaswamy Stadium,Royal Challengers Bangalore,Kolkata Knight Riders,Royal Challengers Bangalore,field,0.0,0.0,0
2007/08,Chandigarh,"Punjab Cricket Association Stadium, Mohali",Kings XI Punjab,Chennai Super Kings,Chennai Super Kings,bat,0.0,0.0,0
2007/08,Delhi,Feroz Shah Kotla,Delhi Daredevils,Rajasthan Royals,Rajasthan Royals,bat,0.0,0.0,1
2007/08,Mumbai,Wankhede Stadium,Mumbai Indians,Royal Challengers Bangalore,Mumbai Indians,bat,0.0,0.0,0
2007/08,Kolkata,Eden Gardens,Kolkata Knight Riders,Deccan Chargers,Deccan Chargers,bat,1.0,0.0,1
2007/08,Jaipur,Sawai Mansingh Stadium,Rajasthan Royals,Kings XI Punjab,Kings XI Punjab,bat,0.0,0.0,1
2007/08,Hyderabad,"Rajiv Gandhi International Stadium, Uppal",Deccan Chargers,Delhi Daredevils,Deccan Chargers,bat,0.0,1.0,0
2007/08,Chennai,"MA Chidambaram Stadium, Chepauk",Chennai Super Kings,Mumbai Indians,Mumbai Indians,field,1.0,0.0,1
2007/08,Hyderabad,"Rajiv Gandhi International Stadium, Uppal",Deccan Chargers,Rajasthan Royals,Rajasthan Royals,field,0.0,0.5,0
2007/08,Chandigarh,"Punjab Cricket Association Stadium, Mohali",Kings XI Punjab,Mumbai Indians,Mumbai Indians,field,0.0,0.0,1
2007/08,Bangalore,M Chinnaswamy Stadium,Royal Challengers Bangalore,Rajasthan Royals,Rajasthan Royals,field,0.5,0.6666666666666666,0
2007/08,Chennai,"MA Chidambaram Stadium, Chepauk",Chennai Super Kings,Kolkata Knight Riders,Kolkata Knight Riders,bat,1.0,1.0,1
2007/08,Mumbai,Dr DY Patil Sports Academy,Mumbai Indians,Deccan Chargers,Deccan Chargers,field,0.0,0.0,0
2007/08,Chandigarh,"Punjab Cricket Association Stadium, Mohali",Kings XI Punjab,Delhi Daredevils,Delhi Daredevils,bat,0.3333333333333333,1.0,1
2007/08,Bangalore,M Chinnaswamy Stadium,Royal Challengers Bangalore,Chennai Super Kings,Chennai Super Kings,bat,0.3333333333333333,1.0,0
2007/08,Kolkata,Eden Gardens,Kolkata Knight Riders,Mumbai Indians,Kolkata Knight Riders,bat,0.6666666666666666,0.0,0
2007/08,Delhi,Feroz Shah Kotla,Delhi Daredevils,Royal Challengers Bangalore,Royal Challengers Bangalore,field,0.6666666666666666,0.25,1
2007/08,Hyderabad,"Rajiv Gandhi International Stadium, Uppal",Deccan Chargers,Kings XI Punjab,Kings XI Punjab,field,0.25,0.5,0
2007/08,Jaipur,Sawai Mansingh Stadium,Rajasthan Royals,Kolkata Knight Riders,Rajasthan Royals,bat,0.75,0.5,1
2007/08,Chennai,"MA Chidambaram Stadium, Chepauk",Chennai Super Kings,Delhi Daredevils,Chennai Super Kings,bat,1.0,0.75,0
2007/08,Chandigarh,"Punjab Cricket Association Stadium, Mohali",Kings XI Punjab,Kolkata Knight Riders,Kings XI Punjab,bat,0.6,0.4,1
2007/08,Bangalore,M Chinnaswamy Stadium,Royal Challengers Bangalore,Deccan Chargers,Deccan Chargers,field,0.2,0.2,1
2007/08,Mumbai,Dr DY Patil Sports Academy,Mumbai Indians,Delhi Daredevils,Delhi Daredevils,field,0.2,0.8,1
2007/08,Jaipur,Sawai Mansingh Stadium,Rajasthan Royals,Chennai Super Kings,Chennai Super Kings,bat,0.8,0.8,1
2007/08,Bangalore,M Chinnaswamy Stadium,Royal Challengers Bangalore,Kings XI Punjab,Kings XI Punjab,field,0.3333333333333333,0.6666666666666666,0
2007/08,Chennai,"MA Chidambaram Stadium, Chepauk",Chennai Super Kings,Deccan Chargers,Deccan Chargers,field,0.6666666666666666,0.16666666666666666,0
2007/08,Mumbai,Dr DY Patil Sports Academy,Mumbai Indians,Rajasthan Royals,Mumbai Indians,field,0.3333333333333333,0.8333333333333334,1
2007/08,Delhi,Feroz Shah Kotla,Delhi Daredevils,Chennai Super Kings,Chennai Super Kings,field,0.6666666666666666,0.5714285714285714,0
2007/08,Kolkata,Eden Gardens,Kolkata Knight Riders,Royal Challengers Bangalore,Kolkata Knight Riders,bat,0.3333333333333333,0.2857142857142857,1
2007/08,Jaipur,Sawai Mansingh Stadium,Rajasthan Royals,Deccan Chargers,Rajasthan Royals,field,0.7142857142857143,0.2857142857142857,1
2007/08,Chennai,"MA Chidambaram Stadium, Chepauk",Chennai Super Kings,Kings XI Punjab,Kings XI Punjab,field,0.625,0.7142857142857143,1
2007/08,Jaipur,Sawai Mansingh Stadium,Rajasthan Royals,Delhi Daredevils,Rajasthan Royals,field,0.75,0.5714285714285714,1
2007/08,Hyderabad,"Rajiv Gandhi International Stadium, Uppal",Deccan Chargers,Kolkata Knight Riders,Kolkata Knight Riders,bat,0.25,0.42857142857142855,0
2007/08,Chandigarh,"Punjab Cricket Association Stadium, Mohali",Kings XI Punjab,Royal Challengers Bangalore,Royal Challengers Bangalore,bat,0.625,0.25,1
2007/08,Kolkata,Eden Gardens,Kolkata Knight Riders,Delhi Daredevils,Kolkata Knight Riders,bat,0.5,0.5,1
2007/08,Mumbai,Wankhede Stadium,Mumbai Indians,Chennai Super Kings,Mumbai Indians,field,0.42857142857142855,0.6666666666666666,1
2007/08,Delhi,Feroz Shah Kotla,Delhi Daredevils,Deccan Chargers,Deccan Chargers,field,0.4444444444444444,0.2222222222222222,1
2007/08,Mumbai,Wankhede Stadium,Mumbai Indians,Kolkata Knight Riders,Mumbai Indians,field,0.5,0.5555555555555556,1
2007/08,Delhi,Feroz Shah Kotla,Delhi Daredevils,Kings XI Punjab,Delhi Daredevils,bat,0.5,0.6666666666666666,0
2007/08,Jaipur,Sawai Mansingh Stadium,Rajasthan Royals,Royal Challengers Bangalore,Royal Challengers Bangalore,field,0.7777777777777778,0.2222222222222222,1
2007/08,Hyderabad,"Rajiv Gandhi International Stadium, Uppal",Deccan Chargers,Mumbai Indians,Deccan Chargers,field,0.2,0.5555555555555556,0
2007/08,Kolkata,Eden Gardens,Kolkata Knight Riders,Chennai Super Kings,Kolkata Knight Riders,bat,0.5,0.6,0
2007/08,Bangalore,M Chinnaswamy Stadium,Royal Challengers Bangalore,Delhi Daredevils,Delhi Daredevils,field,0.2,0.45454545454545453,0
2007/08,Kolkata,Eden Gardens,Kolkata Knight Riders,Rajasthan Royals,Rajasthan Royals,field,0.45454545454545453,0.8,0
2007/08,Mumbai,Wankhede Stadium,Mumbai Indians,Kings XI Punjab,Mumbai Indians,field,0.6,0.7,0
2007/08,Chennai,"MA Chidambaram Stadium, Chepauk",Chennai Super Kings,Royal Challengers Bangalore,Royal Challengers Bangalore,bat,0.6363636363636364,0.18181818181818182,0
2007/08,Chandigarh,"Punjab Cricket Association Stadium, Mohali",Kings XI Punjab,Deccan Chargers,Kings XI Punjab,field,0.7272727272727273,0.18181818181818182,1
2007/08,Chennai,"MA Chidambaram Stadium, Chepauk",Chennai Super Kings,Rajasthan Royals,Rajasthan Royals,bat,0.5833333333333334,0.8181818181818182,0
2007/08,Delhi,Feroz Shah Kotla,Delhi Daredevils,Mumbai Indians,Delhi Daredevils,field,0.5,0.5454545454545454,1
2007/08,Hyderabad,"Rajiv Gandhi International Stadium, Uppal",Deccan Chargers,Royal Challengers Bangalore,Deccan Chargers,bat,0.16666666666666666,0.25,0
2007/08,Kolkata,Eden Gardens,Kolkata Knight Riders,Kings XI Punjab,Kings XI Punjab,bat,0.4166666666666667,0.75,1
2007/08,Jaipur,Sawai Mansingh Stadium,Rajasthan Royals,Mumbai Indians,Rajasthan Royals,field,0.8333333333333334,0.5,1
2007/08,Hyderabad,"Rajiv Gandhi International Stadium, Uppal",Deccan Chargers,Chennai Super Kings,Deccan Chargers,bat,0.15384615384615385,0.5384615384615384,0
2007/08,Bangalore,M Chinnaswamy Stadium,Royal Challengers Bangalore,Mumbai Indians,Mumbai Indians,field,0.3076923076923077,0.46153846153846156,0
2007/08,Chandigarh,"Punjab Cricket Association Stadium, Mohali",Kings XI Punjab,Rajasthan Royals,Rajasthan Royals,field,0.6923076923076923,0.8461538461538461,1
2007/08,Mumbai,Wankhede Stadium,Delhi Daredevils,Rajasthan Royals,Delhi Daredevils,field,0.5384615384615384,0.7857142857142857,0
2007/08,Mumbai,Wankhede Stadium,Chennai Super Kings,Kings XI Punjab,Kings XI Punjab,bat,0.5714285714285714,0.7142857142857143,1
2007/08,Mumbai,Dr DY Patil Sports Academy,Chennai Super Kings,Rajasthan Royals,Rajasthan Royals,field,0.6,0.8,0
2009,Cape Town,Newlands,Chennai Super Kings,Mumbai Indians,Chennai Super Kings,field,0.5625,0.5,0
2009,Cape Town,Newlands,Royal Challengers Bangalore,Rajasthan Royals,Royal Challengers Bangalore,bat,0.2857142857142857,0.8125,1
2009,Cape Town,Newlands,Delhi Daredevils,Kings XI Punjab,Delhi Daredevils,field,0.5,0.6666666666666666,1
2009,Cape Town,Newlands,Deccan Chargers,Kolkata Knight Riders,Kolkata Knight Riders,bat,0.14285714285714285,0.46153846153846156,1
2009,Port Elizabeth,St George's Park,Royal Challengers Bangalore,Chennai Super Kings,Chennai Super Kings,bat,0.3333333333333333,0.5294117647058824,0
2009,Durban,Kingsmead,Kings XI Punjab,Kolkata Knight Riders,Kolkata Knight Riders,field,0.625,0.42857142857142855,0
2009,Cape Town,Newlands,Royal Challengers Bangalore,Deccan Chargers,Deccan Chargers,bat,0.3125,0.2,0
2009,Cape Town,Newlands,Kolkata Knight Riders,Rajasthan Royals,Kolkata Knight Riders,field,0.4666666666666667,0.7647058823529411,0
2009,Durban,Kingsmead,Chennai Super Kings,Delhi Daredevils,Delhi Daredevils,bat,0.5555555555555556,0.5333333333333333,0
2009,Durban,Kingsmead,Royal Challengers Bangalore,Kings XI Punjab,Royal Challengers Bangalore,bat,0.29411764705882354,0.5882352941176471,0
2009,Durban,Kingsmead,Deccan Chargers,Mumbai Indians,Deccan Chargers,bat,0.25,0.5333333333333333,1
2009,Port Elizabeth,St George's Park,Royal Challengers Bangalore,Delhi Daredevils,Royal Challengers Bangalore,bat,0.2777777777777778,0.5625,0
2009,Cape Town,Newlands,Kings XI Punjab,Rajasthan Royals,Kings XI Punjab,bat,0.6111111111111112,0.7777777777777778,1
2009,Durban,Kingsmead,Chennai Super Kings,Deccan Chargers,Deccan Chargers,field,0.5263157894736842,0.29411764705882354,0
2009,Port Elizabeth,St George's Park,Kolkata Knight Riders,Mumbai Indians,Mumbai Indians,bat,0.4375,0.5,0
2009,Centurion,SuperSport Park,Delhi Daredevils,Rajasthan Royals,Delhi Daredevils,bat,0.5882352941176471,0.7368421052631579,0
2009,Durban,Kingsmead,Kings XI Punjab,Mumbai Indians,Kings XI Punjab,bat,0.631578947368421,0.5294117647058824,1
2009,Durban,Kingsmead,Royal Challengers Bangalore,Kolkata Knight Riders,Kolkata Knight Riders,bat,0.2631578947368421,0.4117647058823529,1
2009,Centurion,SuperSport Park,Deccan Chargers,Delhi Daredevils,Delhi Daredevils,field,0.3333333333333333,0.5555555555555556,0
2009,Centurion,SuperSport Park,Chennai Super Kings,Rajasthan Royals,Rajasthan Royals,field,0.5,0.75,1
2009,East London,Buffalo Park,Kolkata Knight Riders,Mumbai Indians,Mumbai Indians,bat,0.3888888888888889,0.5,0
2009,Durban,Kingsmead,Royal Challengers Bangalore,Kings XI Punjab,Royal Challengers Bangalore,bat,0.3,0.65,1
2009,Port Elizabeth,St George's Park,Deccan Chargers,Rajasthan Royals,Deccan Chargers,bat,0.3157894736842105,0.7142857142857143,0
2009,Johannesburg,New Wanderers Stadium,Chennai Super Kings,Delhi Daredevils,Delhi Daredevils,field,0.5238095238095238,0.5789473684210527,1
2009,Johannesburg,New Wanderers Stadium,Royal Challengers Bangalore,Mumbai Indians,Mumbai Indians,bat,0.3333333333333333,0.5263157894736842,1
2009,Port Elizabeth,St George's Park,Kings XI Punjab,Kolkata Knight Riders,Kolkata Knight Riders,bat,0.6190476190476191,0.3684210526315789,1
2009,East London,Buffalo Park,Chennai Super Kings,Deccan Chargers,Chennai Super Kings,bat,0.5454545454545454,0.3,1
2009,Durban,Kingsmead,Kings XI Punjab,Rajasthan Royals,Kings XI Punjab,field,0.6363636363636364,0.7272727272727273,0
2009,Durban,Kingsmead,Delhi Daredevils,Kolkata Knight Riders,Kolkata Knight Riders,bat,0.55,0.35,1
2009,Centurion,SuperSport Park,Deccan Chargers,Mumbai Indians,Deccan Chargers,bat,0.2857142857142857,0.5,1
2009,Centurion,SuperSport Park,Royal Challengers Bangalore,Rajasthan Royals,Rajasthan Royals,field,0.36363636363636365,0.7391304347826086,0
2009,Centurion,SuperSport Park,Chennai Super Kings,Kings XI Punjab,Chennai Super Kings,bat,0.5652173913043478,0.6086956521739131,1
2009,East London,Buffalo Park,Delhi Daredevils,Mumbai Indians,Mumbai Indians,bat,0.5714285714285714,0.47619047619047616,1
2009,Kimberley,De Beers Diamond Oval,Deccan Chargers,Kings XI Punjab,Kings XI Punjab,field,0.3181818181818182,0.5833333333333334,0
2009,Kimberley,De Beers Diamond Oval,Chennai Super Kings,Rajasthan Royals,Rajasthan Royals,bat,0.5833333333333334,0.75,1
2009,Port Elizabeth,St George's Park,Royal Challengers Bangalore,Mumbai Indians,Mumbai Indians,bat,0.34782608695652173,0.45454545454545453,0
2009,Johannesburg,New Wanderers Stadium,Delhi Daredevils,Kolkata Knight Riders,Delhi Daredevils,field,0.5909090909090909,0.3333333333333333,1
2009,Kimberley,De Beers Diamond Oval,Deccan Chargers,Rajasthan Royals,Deccan Chargers,bat,0.30434782608695654,0.72,1
2009,Centurion,SuperSport Park,Royal Challengers Bangalore,Kolkata Knight Riders,Royal Challengers Bangalore,field,0.3333333333333333,0.3181818181818182,1
2009,Centurion,SuperSport Park,Kings XI Punjab,Mumbai Indians,Kings XI Punjab,bat,0.6,0.4782608695652174,0
2009,Durban,Kingsmead,Deccan Chargers,Delhi Daredevils,Deccan Chargers,field,0.3333333333333333,0.6086956521739131,0
2009,Durban,Kingsmead,Mumbai Indians,Rajasthan Royals,Rajasthan Royals,bat,0.5,0.6923076923076923,0
2009,Durban,Kingsmead,Royal Challengers Bangalore,Chennai Super Kings,Chennai Super Kings,bat,0.36,0.6,1
2009,Bloemfontein,OUTsurance Oval,Delhi Daredevils,Kings XI Punjab,Kings XI Punjab,field,0.625,0.5769230769230769,0
2009,Port Elizabeth,St George's Park,Chennai Super Kings,Mumbai Indians,Mumbai Indians,bat,0.5769230769230769,0.48,1
2009,Johannesburg,New Wanderers Stadium,Deccan Chargers,Kolkata Knight Riders,Deccan Chargers,field,0.32,0.30434782608695654,1
2009,Johannesburg,New Wanderers Stadium,Deccan Chargers,Kings XI Punjab,Deccan Chargers,field,0.34615384615384615,0.5925925925925926,0
2009,Bloemfontein,OUTsurance Oval,Delhi Daredevils,Rajasthan Royals,Delhi Daredevils,bat,0.6,0.7037037037037037,1
2009,Centurion,SuperSport Park,Chennai Super Kings,Kolkata Knight Riders,Chennai Super Kings,bat,0.5925925925925926,0.2916666666666667,0
2009,Johannesburg,New Wanderers Stadium,Royal Challengers Bangalore,Delhi Daredevils,Delhi Daredevils,bat,0.38461538461538464,0.6153846153846154,1
2009,Durban,Kingsmead,Kolkata Knight Riders,Rajasthan Royals,Kolkata Knight Riders,field,0.32,0.6785714285714286,1
2009,Durban,Kingsmead,Chennai Super Kings,Kings XI Punjab,Chennai Super Kings,bat,0.5714285714285714,0.6071428571428571,1
2009,Centurion,SuperSport Park,Delhi Daredevils,Mumbai Indians,Delhi Daredevils,field,0.5925925925925926,0.46153846153846156,1
2009,Centurion,SuperSport Park,Royal Challengers Bangalore,Deccan Chargers,Royal Challengers Bangalore,bat,0.4074074074074074,0.3333333333333333,1
2009,Centurion,SuperSport Park,Delhi Daredevils,Deccan Chargers,Deccan Chargers,field,0.6071428571428571,0.32142857142857145,0
2009,Johannesburg,New Wanderers Stadium,Royal Challengers Bangalore,Chennai Super Kings,Royal Challengers Bangalore,field,0.42857142857142855,0.5862068965517241,1
2009,Johannesburg,New Wanderers Stadium,Royal Challengers Bangalore,Deccan Chargers,Royal Challengers Bangalore,field,0.4482758620689655,0.3448275862068966,0
2009/10,Mumbai,Dr DY Patil Sports Academy,Deccan Chargers,Kolkata Knight Riders,Deccan Chargers,field,0.36666666666666664,0.34615384615384615,0
2009/10,Chandigarh,"Punjab Cricket Association Stadium, Mohali",Kings XI Punjab,Delhi Daredevils,Delhi Daredevils,field,0.5862068965517241,0.5862068965517241,0
2009/10,Mumbai,Brabourne Stadium,Mumbai Indians,Rajasthan Royals,Mumbai Indians,bat,0.4444444444444444,0.6551724137931034,1
2009/10,Kolkata,Eden Gardens,Kolkata Knight Riders,Royal Challengers Bangalore,Kolkata Knight Riders,field,0.37037037037037035,0.43333333333333335,1
2009/10,Chennai,"MA Chidambaram Stadium, Chepauk",Chennai Super Kings,Deccan Chargers,Deccan Chargers,bat,0.5666666666666667,0.3548387096774194,0
2009/10,Ahmedabad,"Sardar Patel Stadium, Motera",Rajasthan Royals,Delhi Daredevils,Delhi Daredevils,field,0.6333333333333333,0.6,0
2009/10,Bangalore,M Chinnaswamy Stadium,Royal Challengers Bangalore,Kings XI Punjab,Kings XI Punjab,bat,0.41935483870967744,0.5666666666666667,1
2009/10,Kolkata,Eden Gardens,Kolkata Knight Riders,Chennai Super Kings,Chennai Super Kings,bat,0.39285714285714285,0.5483870967741935,0
2009/10,Delhi,Feroz Shah Kotla,Delhi Daredevils,Mumbai Indians,Delhi Daredevils,field,0.6129032258064516,0.4642857142857143,0
2009/10,Bangalore,M Chinnaswamy Stadium,Royal Challengers Bangalore,Rajasthan Royals,Royal Challengers Bangalore,field,0.4375,0.6129032258064516,1
2009/10,Delhi,Feroz Shah Kotla,Delhi Daredevils,Chennai Super Kings,Delhi Daredevils,bat,0.59375,0.5625,0
2009/10,Cuttack,Barabati Stadium,Deccan Chargers,Kings XI Punjab,Kings XI Punjab,field,0.375,0.5483870967741935,1
2009/10,Ahmedabad,"Sardar Patel Stadium, Motera",Rajasthan Royals,Kolkata Knight Riders,Rajasthan Royals,bat,0.59375,0.3793103448275862,1
2009/10,Mumbai,Brabourne Stadium,Mumbai Indians,Royal Challengers Bangalore,Mumbai Indians,bat,0.4827586206896552,0.45454545454545453,0
2009/10,Cuttack,Barabati Stadium,Deccan Chargers,Delhi Daredevils,Deccan Chargers,bat,0.3939393939393939,0.5757575757575758,1
2009/10,Chennai,"MA Chidambaram Stadium, Chepauk",Chennai Super Kings,Kings XI Punjab,Chennai Super Kings,field,0.5757575757575758,0.53125,0
2009/10,Mumbai,Brabourne Stadium,Mumbai Indians,Kolkata Knight Riders,Kolkata Knight Riders,bat,0.4666666666666667,0.36666666666666664,1
2009/10,Bangalore,M Chinnaswamy Stadium,Royal Challengers Bangalore,Chennai Super Kings,Chennai Super Kings,field,0.47058823529411764,0.5588235294117647,1
2009/10,Chandigarh,"Punjab Cricket Association Stadium, Mohali",Kings XI Punjab,Rajasthan Royals,Kings XI Punjab,field,0.5454545454545454,0.6060606060606061,0
2009/10,Bangalore,M Chinnaswamy Stadium,Royal Challengers Bangalore,Delhi Daredevils,Royal Challengers Bangalore,field,0.4857142857142857,0.5588235294117647,0
2009/10,Mumbai,"Brabourne Stadium, Mumbai",Chennai Super Kings,Mumbai Indians,Mumbai Indians,field,0.5428571428571428,0.4838709677419355,0
2009/10,Ahmedabad,"Sardar Patel Stadium, Motera",Rajasthan Royals,Deccan Chargers,Deccan Chargers,bat,0.6176470588235294,0.4117647058823529,1
2009/10,Chandigarh,"Punjab Cricket Association Stadium, Mohali",Kings XI Punjab,Kolkata Knight Riders,Kolkata Knight Riders,bat,0.5294117647058824,0.3548387096774194,0
2009/10,Ahmedabad,"Sardar Patel Stadium, Motera",Rajasthan Royals,Chennai Super Kings,Rajasthan Royals,bat,0.6285714285714286,0.5277777777777778,1
2009/10,Mumbai,Dr DY Patil Sports Academy,Deccan Chargers,Mumbai Indians,Deccan Chargers,field,0.4,0.5,0
2009/10,Delhi,Feroz Shah Kotla,Delhi Daredevils,Kolkata Knight Riders,Delhi Daredevils,bat,0.5714285714285714,0.375,1
2009/10,Mumbai,Brabourne Stadium,Mumbai Indians,Kings XI Punjab,Mumbai Indians,field,0.5151515151515151,0.5142857142857142,1
2009/10,Chennai,"MA Chidambaram Stadium, Chepauk",Chennai Super Kings,Royal Challengers Bangalore,Royal Challengers Bangalore,bat,0.5135135135135135,0.4722222222222222,1
2009/10,Delhi,Feroz Shah Kotla,Delhi Daredevils,Rajasthan Royals,Delhi Daredevils,bat,0.5833333333333334,0.6388888888888888,1
2009/10,Kolkata,Eden Gardens,Kolkata Knight Riders,Deccan Chargers,Kolkata Knight Riders,bat,0.36363636363636365,0.3888888888888889,1
2009/10,Chandigarh,"Punjab Cricket Association Stadium, Mohali",Kings XI Punjab,Royal Challengers Bangalore,Kings XI Punjab,bat,0.5,0.4594594594594595,0
2009/10,Chennai,"MA Chidambaram Stadium, Chepauk",Chennai Super Kings,Rajasthan Royals,Chennai Super Kings,bat,0.5263157894736842,0.6216216216216216,1
2009/10,Mumbai,Brabourne Stadium,Mumbai Indians,Deccan Chargers,Mumbai Indians,bat,0.5294117647058824,0.3783783783783784,1
2009/10,Kolkata,Eden Gardens,Kolkata Knight Riders,Kings XI Punjab,Kolkata Knight Riders,bat,0.38235294117647056,0.4864864864864865,0
2009/10,Delhi,Feroz Shah Kotla,Delhi Daredevils,Royal Challengers Bangalore,Delhi Daredevils,bat,0.5945945945945946,0.47368421052631576,1
2009/10,Nagpur,"Vidarbha Cricket Association Stadium, Jamtha",Deccan Chargers,Rajasthan Royals,Rajasthan Royals,bat,0.3684210526315789,0.6052631578947368,0
2009/10,Chennai,"MA Chidambaram Stadium, Chepauk",Chennai Super Kings,Mumbai Indians,Chennai Super Kings,bat,0.5384615384615384,0.5428571428571428,1
2009/10,Jaipur,Sawai Mansingh Stadium,Rajasthan Royals,Kings XI Punjab,Kings XI Punjab,bat,0.6153846153846154,0.5,1
2009/10,Kolkata,Eden Gardens,Kolkata Knight Riders,Delhi Daredevils,Kolkata Knight Riders,bat,0.37142857142857144,0.6052631578947368,1
2009/10,Bangalore,M Chinnaswamy Stadium,Royal Challengers Bangalore,Deccan Chargers,Deccan Chargers,field,0.46153846153846156,0.358974358974359,0
2009/10,Chandigarh,"Punjab Cricket Association Stadium, Mohali",Kings XI Punjab,Mumbai Indians,Mumbai Indians,bat,0.48717948717948717,0.5277777777777778,1
2009/10,Nagpur,"Vidarbha Cricket Association Stadium, Jamtha",Deccan Chargers,Chennai Super Kings,Chennai Super Kings,bat,0.375,0.55,1
2009/10,Bangalore,M Chinnaswamy Stadium,Royal Challengers Bangalore,Kolkata Knight Riders,Royal Challengers Bangalore,field,0.45,0.3888888888888889,1
2009/10,Delhi,Feroz Shah Kotla,Delhi Daredevils,Kings XI Punjab,Delhi Daredevils,bat,0.5897435897435898,0.5,0
2009/10,Jaipur,Sawai Mansingh Stadium,Rajasthan Royals,Mumbai Indians,Rajasthan Royals,field,0.625,0.5135135135135135,0
2009/10,Nagpur,"Vidarbha Cricket Association Stadium, Jamtha",Deccan Chargers,Royal Challengers Bangalore,Royal Challengers Bangalore,field,0.3902439024390244,0.4634146341463415,1
2009/10,Mumbai,Brabourne Stadium,Mumbai Indians,Delhi Daredevils,Mumbai Indians,bat,0.5263157894736842,0.575,1
2009/10,Chennai,"MA Chidambaram Stadium, Chepauk",Chennai Super Kings,Kolkata Knight Riders,Kolkata Knight Riders,bat,0.5365853658536586,0.3783783783783784,1
2009/10,Jaipur,Sawai Mansingh Stadium,Rajasthan Royals,Royal Challengers Bangalore,Rajasthan Royals,bat,0.6097560975609756,0.4523809523809524,0
2009/10,Chennai,"MA Chidambaram Stadium, Chepauk",Chennai Super Kings,Delhi Daredevils,Chennai Super Kings,bat,0.5476190476190477,0.5609756097560976,0
2009/10,Dharamsala,Himachal Pradesh Cricket Association Stadium,Kings XI Punjab,Deccan Chargers,Deccan Chargers,field,0.5121951219512195,0.40476190476190477,0
2009/10,Bangalore,M Chinnaswamy Stadium,Royal Challengers Bangalore,Mumbai Indians,Royal Challengers Bangalore,field,0.46511627906976744,0.5384615384615384,0
2009/10,Kolkata,Eden Gardens,Kolkata Knight Riders,Rajasthan Royals,Rajasthan Royals,bat,0.3684210526315789,0.5952380952380952,1
2009/10,Delhi,Feroz Shah Kotla,Delhi Daredevils,Deccan Chargers,Deccan Chargers,bat,0.5714285714285714,0.4186046511627907,0
2009/10,Dharamsala,Himachal Pradesh Cricket Association Stadium,Kings XI Punjab,Chennai Super Kings,Chennai Super Kings,field,0.5,0.5348837209302325,0
2009/10,Kolkata,Eden Gardens,Kolkata Knight Riders,Mumbai Indians,Mumbai Indians,bat,0.38461538461538464,0.55,1
2009/10,Mumbai,Dr DY Patil Sports Academy,Royal Challengers Bangalore,Mumbai Indians,Mumbai Indians,bat,0.45454545454545453,0.5365853658536586,0
2009/10,Mumbai,Dr DY Patil Sports Academy,Chennai Super Kings,Deccan Chargers,Chennai Super Kings,bat,0.5454545454545454,0.4318181818181818,1
2009/10,Mumbai,Dr DY Patil Sports Academy,Royal Challengers Bangalore,Deccan Chargers,Deccan Chargers,bat,0.4444444444444444,0.4222222222222222,1
2009/10,Mumbai,Dr DY Patil Sports Academy,Chennai Super Kings,Mumbai Indians,Chennai Super Kings,bat,0.5555555555555556,0.5476190476190477,1
2011,Chennai,"MA Chidambaram Stadium, Chepauk",Chennai Super Kings,Kolkata Knight Riders,Chennai Super Kings,bat,0.5652173913043478,0.4,1
2011,Hyderabad,"Rajiv Gandhi International Stadium, Uppal",Deccan Chargers,Rajasthan Royals,Rajasthan Royals,field,0.41304347826086957,0.5813953488372093,0
2011,Kochi,Nehru Stadium,Kochi Tuskers Kerala,Royal Challengers Bangalore,Kochi Tuskers Kerala,bat,0.0,0.45652173913043476,0
2011,Delhi,Feroz Shah Kotla,Delhi Daredevils,Mumbai Indians,Delhi Daredevils,bat,0.5581395348837209,0.5348837209302325,0
2011,Mumbai,Dr DY Patil Sports Academy,Pune Warriors,Kings XI Punjab,Kings XI Punjab,bat,0.0,0.4883720930232558,1
2011,Kolkata,Eden Gardens,Kolkata Knight Riders,Deccan Chargers,Kolkata Knight Riders,bat,0.3902439024390244,0.40425531914893614,1
2011,Jaipur,Sawai Mansingh Stadium,Rajasthan Royals,Delhi Daredevils,Delhi Daredevils,bat,0.5909090909090909,0.5454545454545454,1
2011,Bangalore,M Chinnaswamy Stadium,Royal Challengers Bangalore,Mumbai Indians,Mumbai Indians,field,0.46808510638297873,0.5454545454545454,0
2011,Chandigarh,"Punjab Cricket Association Stadium, Mohali",Kings XI Punjab,Chennai Super Kings,Kings XI Punjab,field,0.4772727272727273,0.574468085106383,1
2011,Mumbai,Dr DY Patil Sports Academy,Pune Warriors,Kochi Tuskers Kerala,Kochi Tuskers Kerala,bat,1.0,0.0,1
2011,Hyderabad,"Rajiv Gandhi International Stadium, Uppal",Deccan Chargers,Royal Challengers Bangalore,Royal Challengers Bangalore,field,0.3958333333333333,0.4583333333333333,1
2011,Jaipur,Sawai Mansingh Stadium,Rajasthan Royals,Kolkata Knight Riders,Kolkata Knight Riders,field,0.6,0.40476190476190477,0
2011,Mumbai,Wankhede Stadium,Mumbai Indians,Kochi Tuskers Kerala,Kochi Tuskers Kerala,field,0.5555555555555556,0.0,0
2011,Chennai,"MA Chidambaram Stadium, Chepauk",Chennai Super Kings,Royal Challengers Bangalore,Chennai Super Kings,bat,0.5625,0.4489795918367347,1
2011,Hyderabad,"Rajiv Gandhi International Stadium, Uppal",Deccan Chargers,Kings XI Punjab,Kings XI Punjab,field,0.40816326530612246,0.4888888888888889,0
2011,Mumbai,Dr DY Patil Sports Academy,Pune Warriors,Delhi Daredevils,Delhi Daredevils,field,1.0,0.5333333333333333,0
2011,Kolkata,Eden Gardens,Kolkata Knight Riders,Rajasthan Royals,Kolkata Knight Riders,field,0.4186046511627907,0.5869565217391305,1
2011,Kochi,Nehru Stadium,Kochi Tuskers Kerala,Chennai Super Kings,Kochi Tuskers Kerala,field,0.3333333333333333,0.5714285714285714,1
2011,Delhi,Feroz Shah Kotla,Delhi Daredevils,Deccan Chargers,Deccan Chargers,bat,0.5434782608695652,0.4,0
2011,Mumbai,Wankhede Stadium,Mumbai Indians,Pune Warriors,Pune Warriors,bat,0.5434782608695652,0.6666666666666666,1
2011,Kolkata,Eden Gardens,Kolkata Knight Riders,Kochi Tuskers Kerala,Kolkata Knight Riders,field,0.4318181818181818,0.5,0
2011,Chandigarh,"Punjab Cricket Association Stadium, Mohali",Kings XI Punjab,Rajasthan Royals,Rajasthan Royals,field,0.5,0.574468085106383,1
2011,Mumbai,Wankhede Stadium,Mumbai Indians,Chennai Super Kings,Chennai Super Kings,field,0.5531914893617021,0.56,1
2011,Kolkata,Eden Gardens,Kolkata Knight Riders,Royal Challengers Bangalore,Royal Challengers Bangalore,field,0.4222222222222222,0.44,0
2011,Delhi,Feroz Shah Kotla,Delhi Daredevils,Kings XI Punjab,Kings XI Punjab,field,0.5319148936170213,0.5106382978723404,1
2011,Hyderabad,"Rajiv Gandhi International Stadium, Uppal",Deccan Chargers,Mumbai Indians,Deccan Chargers,field,0.4117647058823529,0.5625,0
2011,Jaipur,Sawai Mansingh Stadium,Rajasthan Royals,Kochi Tuskers Kerala,Rajasthan Royals,field,0.5625,0.6,1
2011,Chennai,"MA Chidambaram Stadium, Chepauk",Chennai Super Kings,Pune Warriors,Pune Warriors,field,0.5490196078431373,0.5,1
2011,Delhi,Feroz Shah Kotla,Delhi Daredevils,Royal Challengers Bangalore,Royal Challengers Bangalore,field,0.5416666666666666,0.45098039215686275,0
2011,Mumbai,Dr DY Patil Sports Academy,Pune Warriors,Chennai Super Kings,Pune Warriors,bat,0.4,0.5576923076923077,0
2011,Kochi,Nehru Stadium,Kochi Tuskers Kerala,Deccan Chargers,Kochi Tuskers Kerala,field,0.5,0.40384615384615385,0
2011,Delhi,Feroz Shah Kotla,Delhi Daredevils,Kolkata Knight Riders,Delhi Daredevils,field,0.5306122448979592,0.41304347826086957,0
2011,Jaipur,Sawai Mansingh Stadium,Rajasthan Royals,Mumbai Indians,Rajasthan Royals,field,0.5714285714285714,0.5714285714285714,1
2011,Bangalore,M Chinnaswamy Stadium,Royal Challengers Bangalore,Pune Warriors,Pune Warriors,field,0.46153846153846156,0.3333333333333333,1
2011,Kochi,Nehru Stadium,Kochi Tuskers Kerala,Delhi Daredevils,Delhi Daredevils,bat,0.42857142857142855,0.52,0
2011,Kolkata,Eden Gardens,Kolkata Knight Riders,Kings XI Punjab,Kolkata Knight Riders,field,0.425531914893617,0.5,1
2011,Jaipur,Sawai Mansingh Stadium,Rajasthan Royals,Pune Warriors,Rajasthan Royals,field,0.58,0.2857142857142857,1
2011,Chennai,"MA Chidambaram Stadium, Chepauk",Chennai Super Kings,Deccan Chargers,Chennai Super Kings,bat,0.5660377358490566,0.41509433962264153,1
2011,Mumbai,Wankhede Stadium,Mumbai Indians,Kings XI Punjab,Kings XI Punjab,field,0.56,0.4897959183673469,1
2011,Delhi,Feroz Shah Kotla,Delhi Daredevils,Kochi Tuskers Kerala,Kochi Tuskers Kerala,field,0.5294117647058824,0.375,0
2011,Hyderabad,"Rajiv Gandhi International Stadium, Uppal",Deccan Chargers,Kolkata Knight Riders,Deccan Chargers,field,0.4074074074074074,0.4375,0
2011,Chennai,"MA Chidambaram Stadium, Chepauk",Chennai Super Kings,Rajasthan Royals,Rajasthan Royals,bat,0.5740740740740741,0.5882352941176471,1
2011,Mumbai,Dr DY Patil Sports Academy,Pune Warriors,Mumbai Indians,Pune Warriors,field,0.25,0.5686274509803921,0
2011,Hyderabad,"Rajiv Gandhi International Stadium, Uppal",Deccan Chargers,Delhi Daredevils,Delhi Daredevils,field,0.4,0.5192307692307693,0
2011,Kochi,Nehru Stadium,Kochi Tuskers Kerala,Kolkata Knight Riders,Kolkata Knight Riders,field,0.4444444444444444,0.4489795918367347,1
2011,Bangalore,M Chinnaswamy Stadium,Royal Challengers Bangalore,Kings XI Punjab,Kings XI Punjab,field,0.4716981132075472,0.48,1
2011,Kolkata,Eden Gardens,Kolkata Knight Riders,Chennai Super Kings,Chennai Super Kings,bat,0.44,0.5818181818181818,1
2011,Mumbai,Wankhede Stadium,Mumbai Indians,Delhi Daredevils,Delhi Daredevils,field,0.5769230769230769,0.5283018867924528,1
2011,Bangalore,M Chinnaswamy Stadium,Royal Challengers Bangalore,Kochi Tuskers Kerala,Kochi Tuskers Kerala,bat,0.48148148148148145,0.5,1
2011,Chandigarh,"Punjab Cricket Association Stadium, Mohali",Kings XI Punjab,Pune Warriors,Kings XI Punjab,bat,0.47058823529411764,0.2222222222222222,0
2011,Jaipur,Sawai Mansingh Stadium,Rajasthan Royals,Chennai Super Kings,Rajasthan Royals,field,0.5769230769230769,0.5714285714285714,0
2011,Hyderabad,"Rajiv Gandhi International Stadium, Uppal",Deccan Chargers,Pune Warriors,Deccan Chargers,bat,0.39285714285714285,0.3,0
2011,Chandigarh,"Punjab Cricket Association Stadium, Mohali",Kings XI Punjab,Mumbai Indians,Mumbai Indians,field,0.46153846153846156,0.5849056603773585,1
2011,Jaipur,Sawai Mansingh Stadium,Rajasthan Royals,Royal Challengers Bangalore,Royal Challengers Bangalore,field,0.5660377358490566,0.4909090909090909,0
2011,Chennai,"MA Chidambaram Stadium, Chepauk",Chennai Super Kings,Delhi Daredevils,Chennai Super Kings,bat,0.5789473684210527,0.5185185185185185,1
2011,Indore,Holkar Cricket Stadium,Kochi Tuskers Kerala,Kings XI Punjab,Kings XI Punjab,field,0.45454545454545453,0.4716981132075472,0
2011,Bangalore,M Chinnaswamy Stadium,Royal Challengers Bangalore,Kolkata Knight Riders,Royal Challengers Bangalore,field,0.5,0.45098039215686275,1
2011,Mumbai,Wankhede Stadium,Mumbai Indians,Deccan Chargers,Deccan Chargers,bat,0.5740740740740741,0.38596491228070173,0
2011,Dharamsala,Himachal Pradesh Cricket Association Stadium,Kings XI Punjab,Delhi Daredevils,Delhi Daredevils,field,0.48148148148148145,0.509090909090909,1
2011,Indore,Holkar Cricket Stadium,Kochi Tuskers Kerala,Rajasthan Royals,Kochi Tuskers Kerala,field,0.4166666666666667,0.5555555555555556,1
2011,Mumbai,Dr DY Patil Sports Academy,Pune Warriors,Deccan Chargers,Deccan Chargers,field,0.36363636363636365,0.39655172413793105,0
2011,Dharamsala,Himachal Pradesh Cricket Association Stadium,Kings XI Punjab,Royal Challengers Bangalore,Kings XI Punjab,bat,0.4909090909090909,0.5087719298245614,1
2011,Chennai,"MA Chidambaram Stadium, Chepauk",Chennai Super Kings,Kochi Tuskers Kerala,Chennai Super Kings,bat,0.5862068965517241,0.46153846153846156,1
2011,Mumbai,Dr DY Patil Sports Academy,Pune Warriors,Kolkata Knight Riders,Kolkata Knight Riders,field,0.3333333333333333,0.4423076923076923,0
2011,Mumbai,Wankhede Stadium,Mumbai Indians,Rajasthan Royals,Mumbai Indians,bat,0.5636363636363636,0.5454545454545454,0
2011,Dharamsala,Himachal Pradesh Cricket Association Stadium,Kings XI Punjab,Deccan Chargers,Kings XI Punjab,field,0.5,0.4067796610169492,0
2011,Bangalore,M Chinnaswamy Stadium,Royal Challengers Bangalore,Chennai Super Kings,Royal Challengers Bangalore,field,0.5,0.5932203389830508,1
2011,Kolkata,Eden Gardens,Kolkata Knight Riders,Mumbai Indians,Mumbai Indians,field,0.4528301886792453,0.5535714285714286,0
2011,Mumbai,Wankhede Stadium,Royal Challengers Bangalore,Chennai Super Kings,Chennai Super Kings,field,0.5084745762711864,0.5833333333333334,0
2011,Mumbai,Wankhede Stadium,Mumbai Indians,Kolkata Knight Riders,Mumbai Indians,field,0.5614035087719298,0.4444444444444444,1
2011,Chennai,"MA Chidambaram Stadium, Chepauk",Royal Challengers Bangalore,Mumbai Indians,Mumbai Indians,field,0.5,0.5689655172413793,1
2011,Chennai,"MA Chidambaram Stadium, Chepauk",Chennai Super Kings,Royal Challengers Bangalore,Chennai Super Kings,bat,0.5901639344262295,0.5081967213114754,1
2012,Chennai,"MA Chidambaram Stadium, Chepauk",Chennai Super Kings,Mumbai Indians,Mumbai Indians,field,0.5967741935483871,0.559322033898305,0
2012,Kolkata,Eden Gardens,Kolkata Knight Riders,Delhi Daredevils,Delhi Daredevils,field,0.43636363636363634,0.5,0
2012,Mumbai,Wankhede Stadium,Mumbai Indians,Pune Warriors,Mumbai Indians,field,0.5666666666666667,0.3076923076923077,0
2012,Jaipur,Sawai Mansingh Stadium,Rajasthan Royals,Kings XI Punjab,Kings XI Punjab,field,0.5535714285714286,0.49122807017543857,1
2012,Visakhapatnam,Dr. Y.S. Rajasekhara Reddy ACA-VDCA Cricket Stadium,Deccan Chargers,Chennai Super Kings,Deccan Chargers,field,0.4166666666666667,0.5873015873015873,0
2012,Bangalore,M Chinnaswamy Stadium,Royal Challengers Bangalore,Delhi Daredevils,Delhi Daredevils,field,0.5,0.5087719298245614,1
2012,Jaipur,Sawai Mansingh Stadium,Rajasthan Royals,Kolkata Knight Riders,Kolkata Knight Riders,field,0.5614035087719298,0.42857142857142855,1
2012,Pune,Subrata Roy Sahara Stadium,Pune Warriors,Kings XI Punjab,Pune Warriors,bat,0.35714285714285715,0.4827586206896552,1
2012,Visakhapatnam,Dr. Y.S. Rajasekhara Reddy ACA-VDCA Cricket Stadium,Deccan Chargers,Mumbai Indians,Deccan Chargers,bat,0.4098360655737705,0.5573770491803278,0
2012,Bangalore,M Chinnaswamy Stadium,Royal Challengers Bangalore,Kolkata Knight Riders,Royal Challengers Bangalore,field,0.5079365079365079,0.42105263157894735,0
2012,Delhi,Feroz Shah Kotla,Delhi Daredevils,Chennai Super Kings,Delhi Daredevils,field,0.5,0.59375,1
2012,Mumbai,Wankhede Stadium,Mumbai Indians,Rajasthan Royals,Rajasthan Royals,field,0.5645161290322581,0.5689655172413793,1
2012,Chandigarh,"Punjab Cricket Association Stadium, Mohali",Kings XI Punjab,Pune Warriors,Kings XI Punjab,field,0.4745762711864407,0.4,1
2012,Chennai,"MA Chidambaram Stadium, Chepauk",Chennai Super Kings,Royal Challengers Bangalore,Royal Challengers Bangalore,bat,0.5846153846153846,0.5,1
2012,Kolkata,Eden Gardens,Kolkata Knight Riders,Rajasthan Royals,Rajasthan Royals,bat,0.43103448275862066,0.559322033898305,1
2012,Pune,Subrata Roy Sahara Stadium,Pune Warriors,Chennai Super Kings,Chennai Super Kings,bat,0.375,0.5909090909090909,1
2012,Kolkata,Eden Gardens,Kolkata Knight Riders,Kings XI Punjab,Kolkata Knight Riders,field,0.4406779661016949,0.48333333333333334,0
2012,Bangalore,M Chinnaswamy Stadium,Royal Challengers Bangalore,Rajasthan Royals,Rajasthan Royals,bat,0.49230769230769234,0.55,0
2012,Mumbai,Wankhede Stadium,Mumbai Indians,Delhi Daredevils,Delhi Daredevils,field,0.5714285714285714,0.5084745762711864,0
2012,Bangalore,M Chinnaswamy Stadium,Royal Challengers Bangalore,Pune Warriors,Pune Warriors,bat,0.48484848484848486,0.4117647058823529,1
2012,Jaipur,Sawai Mansingh Stadium,Rajasthan Royals,Deccan Chargers,Deccan Chargers,bat,0.5573770491803278,0.4032258064516129,1
2012,Chandigarh,"Punjab Cricket Association Stadium, Mohali",Kings XI Punjab,Kolkata Knight Riders,Kings XI Punjab,bat,0.4918032786885246,0.43333333333333335,0
2012,Delhi,Feroz Shah Kotla,Delhi Daredevils,Deccan Chargers,Deccan Chargers,bat,0.5166666666666667,0.3968253968253968,1
2012,Chennai,"MA Chidambaram Stadium, Chepauk",Chennai Super Kings,Pune Warriors,Pune Warriors,field,0.582089552238806,0.3888888888888889,1
2012,Chandigarh,"Punjab Cricket Association Stadium, Mohali",Kings XI Punjab,Royal Challengers Bangalore,Royal Challengers Bangalore,field,0.4838709677419355,0.4925373134328358,0
2012,Chennai,"MA Chidambaram Stadium, Chepauk",Chennai Super Kings,Rajasthan Royals,Rajasthan Royals,bat,0.5882352941176471,0.5645161290322581,1
2012,Delhi,Feroz Shah Kotla,Delhi Daredevils,Pune Warriors,Delhi Daredevils,field,0.5245901639344263,0.3684210526315789,0
2012,Mumbai,Wankhede Stadium,Mumbai Indians,Kings XI Punjab,Mumbai Indians,bat,0.5625,0.47619047619047616,0
2012,Cuttack,Barabati Stadium,Deccan Chargers,Kolkata Knight Riders,Kolkata Knight Riders,field,0.390625,0.4426229508196721,0
2012,Jaipur,Sawai Mansingh Stadium,Rajasthan Royals,Royal Challengers Bangalore,Rajasthan Royals,field,0.5555555555555556,0.5,0
2012,Pune,Subrata Roy Sahara Stadium,Pune Warriors,Delhi Daredevils,Pune Warriors,bat,0.4,0.5161290322580645,0
2012,Chandigarh,"Punjab Cricket Association Stadium, Mohali",Kings XI Punjab,Mumbai Indians,Kings XI Punjab,bat,0.484375,0.5538461538461539,0
2012,Pune,Subrata Roy Sahara Stadium,Pune Warriors,Deccan Chargers,Deccan Chargers,bat,0.38095238095238093,0.38461538461538464,0
2012,Delhi,Feroz Shah Kotla,Delhi Daredevils,Mumbai Indians,Mumbai Indians,field,0.5238095238095238,0.5606060606060606,1
2012,Chennai,"MA Chidambaram Stadium, Chepauk",Chennai Super Kings,Kings XI Punjab,Kings XI Punjab,bat,0.5942028985507246,0.47692307692307695,0
2012,Kolkata,Eden Gardens,Kolkata Knight Riders,Royal Challengers Bangalore,Kolkata Knight Riders,bat,0.45161290322580644,0.5072463768115942,1
2012,Delhi,Feroz Shah Kotla,Delhi Daredevils,Rajasthan Royals,Delhi Daredevils,bat,0.53125,0.546875,1
2012,Mumbai,Wankhede Stadium,Mumbai Indians,Deccan Chargers,Mumbai Indians,field,0.5522388059701493,0.3939393939393939,1
2012,Chennai,"MA Chidambaram Stadium, Chepauk",Chennai Super Kings,Kolkata Knight Riders,Chennai Super Kings,bat,0.5857142857142857,0.4603174603174603,0
2012,Jaipur,Sawai Mansingh Stadium,Rajasthan Royals,Delhi Daredevils,Rajasthan Royals,bat,0.5384615384615384,0.5384615384615384,0
2012,Cuttack,Barabati Stadium,Deccan Chargers,Pune Warriors,Deccan Chargers,bat,0.3880597014925373,0.36363636363636365,1
2012,Bangalore,M Chinnaswamy Stadium,Royal Challengers Bangalore,Kings XI Punjab,Kings XI Punjab,field,0.5,0.48484848484848486,0
2012,Pune,Subrata Roy Sahara Stadium,Pune Warriors,Mumbai Indians,Mumbai Indians,bat,0.34782608695652173,0.5588235294117647,0
2012,Chennai,"MA Chidambaram Stadium, Chepauk",Chennai Super Kings,Deccan Chargers,Chennai Super Kings,bat,0.5774647887323944,0.39705882352941174,1
2012,Kolkata,Eden Gardens,Kolkata Knight Riders,Pune Warriors,Kolkata Knight Riders,bat,0.46875,0.3333333333333333,1
2012,Chandigarh,"Punjab Cricket Association Stadium, Mohali",Kings XI Punjab,Rajasthan Royals,Rajasthan Royals,bat,0.4925373134328358,0.5303030303030303,0
2012,Mumbai,Wankhede Stadium,Mumbai Indians,Chennai Super Kings,Mumbai Indians,field,0.5652173913043478,0.5833333333333334,1
2012,Bangalore,M Chinnaswamy Stadium,Royal Challengers Bangalore,Deccan Chargers,Royal Challengers Bangalore,field,0.49295774647887325,0.391304347826087,1
2012,Delhi,Feroz Shah Kotla,Delhi Daredevils,Kolkata Knight Riders,Delhi Daredevils,bat,0.5454545454545454,0.47692307692307695,0
2012,Pune,Subrata Roy Sahara Stadium,Pune Warriors,Rajasthan Royals,Pune Warriors,bat,0.32,0.5373134328358209,0
2012,Hyderabad,"Rajiv Gandhi International Stadium, Uppal",Deccan Chargers,Kings XI Punjab,Deccan Chargers,field,0.38571428571428573,0.4852941176470588,0
2012,Mumbai,Wankhede Stadium,Mumbai Indians,Royal Challengers Bangalore,Royal Challengers Bangalore,field,0.5714285714285714,0.5,0
2012,Hyderabad,"Rajiv Gandhi International Stadium, Uppal",Deccan Chargers,Delhi Daredevils,Deccan Chargers,bat,0.38028169014084506,0.5373134328358209,0
2012,Jaipur,Sawai Mansingh Stadium,Rajasthan Royals,Chennai Super Kings,Chennai Super Kings,field,0.5441176470588235,0.5753424657534246,0
2012,Pune,Subrata Roy Sahara Stadium,Pune Warriors,Royal Challengers Bangalore,Pune Warriors,field,0.3076923076923077,0.5068493150684932,0
2012,Kolkata,Eden Gardens,Kolkata Knight Riders,Mumbai Indians,Mumbai Indians,bat,0.48484848484848486,0.5633802816901409,0
2012,Chennai,"MA Chidambaram Stadium, Chepauk",Chennai Super Kings,Delhi Daredevils,Chennai Super Kings,field,0.581081081081081,0.5441176470588235,1
2012,Chandigarh,"Punjab Cricket Association Stadium, Mohali",Kings XI Punjab,Deccan Chargers,Deccan Chargers,bat,0.4927536231884058,0.375,1
2012,Jaipur,Sawai Mansingh Stadium,Rajasthan Royals,Pune Warriors,Rajasthan Royals,bat,0.5362318840579711,0.2962962962962963,1
2012,Bangalore,M Chinnaswamy Stadium,Royal Challengers Bangalore,Mumbai Indians,Mumbai Indians,field,0.5135135135135135,0.5694444444444444,0
2012,Kolkata,Eden Gardens,Kolkata Knight Riders,Chennai Super Kings,Chennai Super Kings,field,0.47761194029850745,0.5866666666666667,0
2012,Delhi,Feroz Shah Kotla,Delhi Daredevils,Kings XI Punjab,Kings XI Punjab,bat,0.5362318840579711,0.5,1
2012,Mumbai,Wankhede Stadium,Mumbai Indians,Kolkata Knight Riders,Mumbai Indians,field,0.5753424657534246,0.47058823529411764,0
2012,Dharamsala,Himachal Pradesh Cricket Association Stadium,Kings XI Punjab,Chennai Super Kings,Kings XI Punjab,field,0.49295774647887325,0.5921052631578947,1
2012,Delhi,Feroz Shah Kotla,Delhi Daredevils,Royal Challengers Bangalore,Delhi Daredevils,field,0.5428571428571428,0.5066666666666667,0
2012,Hyderabad,"Rajiv Gandhi International Stadium, Uppal",Deccan Chargers,Rajasthan Royals,Rajasthan Royals,bat,0.3698630136986301,0.5428571428571428,1
2012,Dharamsala,Himachal Pradesh Cricket Association Stadium,Kings XI Punjab,Delhi Daredevils,Delhi Daredevils,field,0.5,0.5352112676056338,0
2012,Pune,Subrata Roy Sahara Stadium,Pune Warriors,Kolkata Knight Riders,Kolkata Knight Riders,bat,0.2857142857142857,0.4782608695652174,0
2012,Hyderabad,"Rajiv Gandhi International Stadium, Uppal",Deccan Chargers,Royal Challengers Bangalore,Royal Challengers Bangalore,field,0.3783783783783784,0.5131578947368421,1
2012,Jaipur,Sawai Mansingh Stadium,Rajasthan Royals,Mumbai Indians,Rajasthan Royals,bat,0.5352112676056338,0.5675675675675675,0
2012,Pune,Subrata Roy Sahara Stadium,Delhi Daredevils,Kolkata Knight Riders,Kolkata Knight Riders,bat,0.5416666666666666,0.4857142857142857,0
2012,Bangalore,M Chinnaswamy Stadium,Chennai Super Kings,Mumbai Indians,Mumbai Indians,field,0.5844155844155844,0.5733333333333334,1
2012,Chennai,"MA Chidambaram Stadium, Chepauk",Delhi Daredevils,Chennai Super Kings,Delhi Daredevils,field,0.5342465753424658,0.5897435897435898,0
2012,Chennai,"MA Chidambaram Stadium, Chepauk",Kolkata Knight Riders,Chennai Super Kings,Chennai Super Kings,bat,0.49295774647887325,0.5949367088607594,1
2013,Kolkata,Eden Gardens,Kolkata Knight Riders,Delhi Daredevils,Kolkata Knight Riders,field,0.5,0.527027027027027,1
2013,Bangalore,M Chinnaswamy Stadium,Royal Challengers Bangalore,Mumbai Indians,Mumbai Indians,field,0.5064935064935064,0.5657894736842105,1
2013,Hyderabad,"Rajiv Gandhi International Stadium, Uppal",Sunrisers Hyderabad,Pune Warriors,Pune Warriors,field,0.0,0.27586206896551724,1
2013,Delhi,Feroz Shah Kotla,Delhi Daredevils,Rajasthan Royals,Rajasthan Royals,bat,0.52,0.5277777777777778,0
2013,Chennai,"MA Chidambaram Stadium, Chepauk",Chennai Super Kings,Mumbai Indians,Mumbai Indians,bat,0.5875,0.5584415584415584,0
2013,Pune,Subrata Roy Sahara Stadium,Pune Warriors,Kings XI Punjab,Pune Warriors,bat,0.26666666666666666,0.4931506849315068,0
2013,Hyderabad,"Rajiv Gandhi International Stadium, Uppal",Sunrisers Hyderabad,Royal Challengers Bangalore,Royal Challengers Bangalore,bat,1.0,0.5128205128205128,1
2013,Jaipur,Sawai Mansingh Stadium,Rajasthan Royals,Kolkata Knight Riders,Kolkata Knight Riders,field,0.5342465753424658,0.5068493150684932,1
2013,Mumbai,Wankhede Stadium,Mumbai Indians,Delhi Daredevils,Mumbai Indians,bat,0.5641025641025641,0.5131578947368421,1
2013,Bangalore,M Chinnaswamy Stadium,Royal Challengers Bangalore,Sunrisers Hyderabad,Sunrisers Hyderabad,bat,0.5063291139240507,1.0,1
2013,Chandigarh,"Punjab Cricket Association Stadium, Mohali",Kings XI Punjab,Chennai Super Kings,Chennai Super Kings,field,0.5,0.5802469135802469,0
2013,Bangalore,M Chinnaswamy Stadium,Royal Challengers Bangalore,Kolkata Knight Riders,Royal Challengers Bangalore,field,0.5125,0.5,1
2013,Pune,Subrata Roy Sahara Stadium,Pune Warriors,Rajasthan Royals,Rajasthan Royals,bat,0.25806451612903225,0.5405405405405406,1
2013,Delhi,Feroz Shah Kotla,Delhi Daredevils,Sunrisers Hyderabad,Delhi Daredevils,bat,0.5064935064935064,0.6666666666666666,0
2013,Mumbai,Wankhede Stadium,Mumbai Indians,Pune Warriors,Mumbai Indians,bat,0.569620253164557,0.28125,1
2013,Chennai,"MA Chidambaram Stadium, Chepauk",Chennai Super Kings,Royal Challengers Bangalore,Chennai Super Kings,field,0.5853658536585366,0.5185185185185185,1
2013,Kolkata,Eden Gardens,Kolkata Knight Riders,Sunrisers Hyderabad,Kolkata Knight Riders,bat,0.49333333333333335,0.75,1
2013,Jaipur,Sawai Mansingh Stadium,Rajasthan Royals,Kings XI Punjab,Rajasthan Royals,field,0.5333333333333333,0.49333333333333335,1
2013,Chennai,"MA Chidambaram Stadium, Chepauk",Chennai Super Kings,Pune Warriors,Pune Warriors,bat,0.5903614457831325,0.2727272727272727,0
2013,Chandigarh,"Punjab Cricket Association Stadium, Mohali",Kings XI Punjab,Kolkata Knight Riders,Kolkata Knight Riders,field,0.4868421052631579,0.5,1
2013,Bangalore,M Chinnaswamy Stadium,Royal Challengers Bangalore,Delhi Daredevils,Royal Challengers Bangalore,field,0.5121951219512195,0.5,1
2013,Pune,Maharashtra Cricket Association Stadium,Pune Warriors,Sunrisers Hyderabad,Pune Warriors,field,0.29411764705882354,0.6,0
2013,Jaipur,Sawai Mansingh Stadium,Rajasthan Royals,Mumbai Indians,Rajasthan Royals,bat,0.5394736842105263,0.575,1
2013,Delhi,Feroz Shah Kotla,Delhi Daredevils,Chennai Super Kings,Chennai Super Kings,bat,0.4936708860759494,0.5833333333333334,0
2013,Hyderabad,"Rajiv Gandhi International Stadium, Uppal",Sunrisers Hyderabad,Kings XI Punjab,Kings XI Punjab,bat,0.6666666666666666,0.4935064935064935,1
2013,Kolkata,Eden Gardens,Kolkata Knight Riders,Chennai Super Kings,Kolkata Knight Riders,bat,0.4935064935064935,0.5882352941176471,0
2013,Bangalore,M Chinnaswamy Stadium,Royal Challengers Bangalore,Rajasthan Royals,Royal Challengers Bangalore,field,0.5180722891566265,0.5454545454545454,1
2013,Delhi,Feroz Shah Kotla,Delhi Daredevils,Mumbai Indians,Mumbai Indians,bat,0.4875,0.5679012345679012,1
2013,Chandigarh,"Punjab Cricket Association Stadium, Mohali",Kings XI Punjab,Pune Warriors,Kings XI Punjab,field,0.48717948717948717,0.2857142857142857,1
2013,Chennai,"MA Chidambaram Stadium, Chepauk",Chennai Super Kings,Rajasthan Royals,Rajasthan Royals,bat,0.5930232558139535,0.5384615384615384,1
2013,Bangalore,M Chinnaswamy Stadium,Royal Challengers Bangalore,Pune Warriors,Pune Warriors,field,0.5238095238095238,0.2777777777777778,1
2013,Delhi,Feroz Shah Kotla,Delhi Daredevils,Kings XI Punjab,Kings XI Punjab,field,0.49382716049382713,0.4936708860759494,0
2013,Kolkata,Eden Gardens,Kolkata Knight Riders,Mumbai Indians,Kolkata Knight Riders,bat,0.48717948717948717,0.5609756097560976,0
2013,Chennai,"MA Chidambaram Stadium, Chepauk",Chennai Super Kings,Sunrisers Hyderabad,Sunrisers Hyderabad,bat,0.5977011494252874,0.7142857142857143,1
2013,Kolkata,Eden Gardens,Kolkata Knight Riders,Kings XI Punjab,Kings XI Punjab,bat,0.4810126582278481,0.5,1
2013,Jaipur,Sawai Mansingh Stadium,Rajasthan Royals,Sunrisers Hyderabad,Sunrisers Hyderabad,bat,0.5316455696202531,0.625,1
2013,Mumbai,Wankhede Stadium,Mumbai Indians,Royal Challengers Bangalore,Mumbai Indians,bat,0.5662650602409639,0.5294117647058824,1
2013,Chennai,"MA Chidambaram Stadium, Chepauk",Chennai Super Kings,Kolkata Knight Riders,Kolkata Knight Riders,field,0.6022727272727273,0.4875,1
2013,Raipur,Shaheed Veer Narayan Singh International Stadium,Delhi Daredevils,Pune Warriors,Pune Warriors,field,0.4878048780487805,0.2702702702702703,1
2013,Jaipur,Sawai Mansingh Stadium,Rajasthan Royals,Royal Challengers Bangalore,Rajasthan Royals,field,0.5375,0.5232558139534884,1
2013,Mumbai,Wankhede Stadium,Mumbai Indians,Kings XI Punjab,Mumbai Indians,bat,0.5714285714285714,0.49382716049382713,1
2013,Pune,Subrata Roy Sahara Stadium,Pune Warriors,Chennai Super Kings,Chennai Super Kings,bat,0.2631578947368421,0.6067415730337079,0
2013,Hyderabad,"Rajiv Gandhi International Stadium, Uppal",Sunrisers Hyderabad,Mumbai Indians,Mumbai Indians,bat,0.5555555555555556,0.5764705882352941,1
2013,Raipur,Shaheed Veer Narayan Singh International Stadium,Delhi Daredevils,Kolkata Knight Riders,Kolkata Knight Riders,bat,0.4939759036144578,0.48148148148148145,1
2013,Chennai,"MA Chidambaram Stadium, Chepauk",Chennai Super Kings,Kings XI Punjab,Chennai Super Kings,bat,0.6111111111111112,0.4878048780487805,1
2013,Pune,Subrata Roy Sahara Stadium,Pune Warriors,Royal Challengers Bangalore,Royal Challengers Bangalore,bat,0.2564102564102564,0.5172413793103449,0
2013,Kolkata,Eden Gardens,Kolkata Knight Riders,Rajasthan Royals,Rajasthan Royals,bat,0.47560975609756095,0.5432098765432098,1
2013,Hyderabad,"Rajiv Gandhi International Stadium, Uppal",Sunrisers Hyderabad,Delhi Daredevils,Delhi Daredevils,bat,0.6,0.5,1
2013,Mumbai,Wankhede Stadium,Mumbai Indians,Chennai Super Kings,Mumbai Indians,bat,0.5697674418604651,0.6153846153846154,1
2013,Jaipur,Sawai Mansingh Stadium,Rajasthan Royals,Pune Warriors,Pune Warriors,bat,0.5365853658536586,0.25,1
2013,Chandigarh,"Punjab Cricket Association Stadium, Mohali",Kings XI Punjab,Royal Challengers Bangalore,Kings XI Punjab,field,0.4819277108433735,0.5227272727272727,1
2013,Mumbai,Wankhede Stadium,Mumbai Indians,Kolkata Knight Riders,Mumbai Indians,bat,0.5747126436781609,0.4819277108433735,1
2013,Jaipur,Sawai Mansingh Stadium,Rajasthan Royals,Delhi Daredevils,Delhi Daredevils,bat,0.5421686746987951,0.49411764705882355,1
2013,Hyderabad,"Rajiv Gandhi International Stadium, Uppal",Sunrisers Hyderabad,Chennai Super Kings,Sunrisers Hyderabad,field,0.6363636363636364,0.6086956521739131,0
2013,Chandigarh,"Punjab Cricket Association Stadium, Mohali",Kings XI Punjab,Rajasthan Royals,Rajasthan Royals,field,0.4880952380952381,0.5476190476190477,0
2013,Pune,Subrata Roy Sahara Stadium,Pune Warriors,Kolkata Knight Riders,Kolkata Knight Riders,bat,0.24390243902439024,0.47619047619047616,0
2013,Delhi,Feroz Shah Kotla,Delhi Daredevils,Royal Challengers Bangalore,Delhi Daredevils,field,0.4883720930232558,0.5168539325842697,0
2013,Pune,Subrata Roy Sahara Stadium,Pune Warriors,Mumbai Indians,Pune Warriors,bat,0.23809523809523808,0.5795454545454546,0
2013,Chandigarh,"Punjab Cricket Association Stadium, Mohali",Kings XI Punjab,Sunrisers Hyderabad,Kings XI Punjab,field,0.4823529411764706,0.5833333333333334,0
2013,Jaipur,Sawai Mansingh Stadium,Rajasthan Royals,Chennai Super Kings,Rajasthan Royals,field,0.5529411764705883,0.6129032258064516,1
2013,Ranchi,JSCA International Stadium Complex,Kolkata Knight Riders,Royal Challengers Bangalore,Kolkata Knight Riders,field,0.4823529411764706,0.5222222222222223,1
2013,Mumbai,Wankhede Stadium,Mumbai Indians,Sunrisers Hyderabad,Sunrisers Hyderabad,bat,0.5842696629213483,0.6153846153846154,1
2013,Bangalore,M Chinnaswamy Stadium,Royal Challengers Bangalore,Kings XI Punjab,Kings XI Punjab,field,0.5164835164835165,0.47674418604651164,0
2013,Chennai,"MA Chidambaram Stadium, Chepauk",Chennai Super Kings,Delhi Daredevils,Chennai Super Kings,bat,0.6063829787234043,0.4827586206896552,1
2013,Ranchi,JSCA International Stadium Complex,Kolkata Knight Riders,Pune Warriors,Kolkata Knight Riders,field,0.4883720930232558,0.23255813953488372,0
2013,Mumbai,Wankhede Stadium,Mumbai Indians,Rajasthan Royals,Rajasthan Royals,field,0.5888888888888889,0.5581395348837209,1
2013,Dharamsala,Himachal Pradesh Cricket Association Stadium,Kings XI Punjab,Delhi Daredevils,Delhi Daredevils,field,0.4827586206896552,0.4772727272727273,1
2013,Hyderabad,"Rajiv Gandhi International Stadium, Uppal",Sunrisers Hyderabad,Rajasthan Royals,Sunrisers Hyderabad,bat,0.5714285714285714,0.5517241379310345,1
2013,Bangalore,M Chinnaswamy Stadium,Royal Challengers Bangalore,Chennai Super Kings,Chennai Super Kings,field,0.5108695652173914,0.6105263157894737,1
2013,Dharamsala,Himachal Pradesh Cricket Association Stadium,Kings XI Punjab,Mumbai Indians,Mumbai Indians,field,0.48863636363636365,0.5934065934065934,1
2013,Pune,Subrata Roy Sahara Stadium,Pune Warriors,Delhi Daredevils,Pune Warriors,bat,0.25,0.47191011235955055,1
2013,Hyderabad,"Rajiv Gandhi International Stadium, Uppal",Sunrisers Hyderabad,Kolkata Knight Riders,Kolkata Knight Riders,bat,0.6,0.4827586206896552,1
2013,Delhi,Feroz Shah Kotla,Chennai Super Kings,Mumbai Indians,Chennai Super Kings,bat,0.6041666666666666,0.5869565217391305,1
2013,Delhi,Feroz Shah Kotla,Rajasthan Royals,Sunrisers Hyderabad,Sunrisers Hyderabad,bat,0.5454545454545454,0.625,1
2013,Kolkata,Eden Gardens,Mumbai Indians,Rajasthan Royals,Rajasthan Royals,bat,0.5806451612903226,0.550561797752809,1
2013,Kolkata,Eden Gardens,Chennai Super Kings,Mumbai Indians,Mumbai Indians,bat,0.6082474226804123,0.5851063829787234,0
2014,Abu Dhabi,Sheikh Zayed Stadium,Mumbai Indians,Kolkata Knight Riders,Kolkata Knight Riders,bat,0.5894736842105263,0.4772727272727273,0
2014,,Sharjah Cricket Stadium,Delhi Daredevils,Royal Challengers Bangalore,Royal Challengers Bangalore,field,0.4666666666666667,0.5161290322580645,0
2014,Abu Dhabi,Sheikh Zayed Stadium,Chennai Super Kings,Kings XI Punjab,Chennai Super Kings,bat,0.6020408163265306,0.4943820224719101,0
2014,Abu Dhabi,Sheikh Zayed Stadium,Sunrisers Hyderabad,Rajasthan Royals,Rajasthan Royals,field,0.5882352941176471,0.5444444444444444,0
2014,,Dubai International Cricket Stadium,Royal Challengers Bangalore,Mumbai Indians,Royal Challengers Bangalore,field,0.5212765957446809,0.5833333333333334,1
2014,,Dubai International Cricket Stadium,Kolkata Knight Riders,Delhi Daredevils,Kolkata Knight Riders,bat,0.48314606741573035,0.46153846153846156,0
2014,,Sharjah Cricket Stadium,Rajasthan Royals,Kings XI Punjab,Kings XI Punjab,field,0.5494505494505495,0.5,0
2014,Abu Dhabi,Sheikh Zayed Stadium,Chennai Super Kings,Delhi Daredevils,Chennai Super Kings,bat,0.5959595959595959,0.4673913043478261,1
2014,,Sharjah Cricket Stadium,Kings XI Punjab,Sunrisers Hyderabad,Sunrisers Hyderabad,field,0.5054945054945055,0.5555555555555556,1
2014,,Dubai International Cricket Stadium,Rajasthan Royals,Chennai Super Kings,Rajasthan Royals,field,0.5434782608695652,0.6,0
2014,,Sharjah Cricket Stadium,Royal Challengers Bangalore,Kolkata Knight Riders,Royal Challengers Bangalore,field,0.5263157894736842,0.4777777777777778,0
2014,,Dubai International Cricket Stadium,Sunrisers Hyderabad,Delhi Daredevils,Sunrisers Hyderabad,bat,0.5263157894736842,0.46236559139784944,1
2014,,Dubai International Cricket Stadium,Chennai Super Kings,Mumbai Indians,Mumbai Indians,bat,0.6039603960396039,0.5773195876288659,1
2014,Abu Dhabi,Sheikh Zayed Stadium,Rajasthan Royals,Royal Challengers Bangalore,Rajasthan Royals,field,0.5376344086021505,0.5208333333333334,1
2014,Abu Dhabi,Sheikh Zayed Stadium,Kolkata Knight Riders,Kings XI Punjab,Kolkata Knight Riders,field,0.4835164835164835,0.5108695652173914,0
2014,,Sharjah Cricket Stadium,Delhi Daredevils,Mumbai Indians,Mumbai Indians,bat,0.4574468085106383,0.5714285714285714,1
2014,,Sharjah Cricket Stadium,Sunrisers Hyderabad,Chennai Super Kings,Sunrisers Hyderabad,bat,0.55,0.6078431372549019,0
2014,,Dubai International Cricket Stadium,Kings XI Punjab,Royal Challengers Bangalore,Kings XI Punjab,field,0.5161290322580645,0.5154639175257731,1
2014,Abu Dhabi,Sheikh Zayed Stadium,Kolkata Knight Riders,Rajasthan Royals,Rajasthan Royals,bat,0.4782608695652174,0.5425531914893617,0
2014,,Dubai International Cricket Stadium,Mumbai Indians,Sunrisers Hyderabad,Mumbai Indians,field,0.5656565656565656,0.5238095238095238,0
2014,Ranchi,JSCA International Stadium Complex,Chennai Super Kings,Kolkata Knight Riders,Chennai Super Kings,bat,0.6116504854368932,0.4731182795698925,1
2014,Mumbai,Wankhede Stadium,Mumbai Indians,Kings XI Punjab,Kings XI Punjab,bat,0.56,0.5212765957446809,1
2014,Delhi,Feroz Shah Kotla,Delhi Daredevils,Rajasthan Royals,Rajasthan Royals,field,0.4631578947368421,0.5473684210526316,0
2014,Bangalore,M Chinnaswamy Stadium,Royal Challengers Bangalore,Sunrisers Hyderabad,Royal Challengers Bangalore,field,0.5102040816326531,0.5454545454545454,1
2014,Ahmedabad,"Sardar Patel Stadium, Motera",Rajasthan Royals,Kolkata Knight Riders,Kolkata Knight Riders,field,0.5520833333333334,0.46808510638297873,1
2014,Delhi,Feroz Shah Kotla,Delhi Daredevils,Chennai Super Kings,Chennai Super Kings,field,0.4583333333333333,0.6153846153846154,0
2014,Mumbai,Wankhede Stadium,Mumbai Indians,Royal Challengers Bangalore,Royal Challengers Bangalore,field,0.5643564356435643,0.5151515151515151,1
2014,Delhi,Feroz Shah Kotla,Delhi Daredevils,Kolkata Knight Riders,Delhi Daredevils,bat,0.4536082474226804,0.4631578947368421,0
2014,Cuttack,Barabati Stadium,Kings XI Punjab,Chennai Super Kings,Chennai Super Kings,field,0.5157894736842106,0.6190476190476191,1
2014,Ahmedabad,"Sardar Patel Stadium, Motera",Rajasthan Royals,Sunrisers Hyderabad,Rajasthan Royals,field,0.5567010309278351,0.5217391304347826,0
2014,Bangalore,M Chinnaswamy Stadium,Royal Challengers Bangalore,Kings XI Punjab,Royal Challengers Bangalore,field,0.51,0.5208333333333334,0
2014,Delhi,Feroz Shah Kotla,Delhi Daredevils,Sunrisers Hyderabad,Sunrisers Hyderabad,field,0.4489795918367347,0.5416666666666666,0
2014,Mumbai,Wankhede Stadium,Mumbai Indians,Chennai Super Kings,Chennai Super Kings,field,0.5686274509803921,0.6132075471698113,0
2014,Cuttack,Barabati Stadium,Kings XI Punjab,Kolkata Knight Riders,Kolkata Knight Riders,field,0.5257731958762887,0.46875,0
2014,Bangalore,M Chinnaswamy Stadium,Royal Challengers Bangalore,Rajasthan Royals,Royal Challengers Bangalore,bat,0.504950495049505,0.5510204081632653,0
2014,Hyderabad,"Rajiv Gandhi International Stadium, Uppal",Sunrisers Hyderabad,Mumbai Indians,Sunrisers Hyderabad,bat,0.56,0.5631067961165048,0
2014,Ranchi,JSCA International Stadium Complex,Chennai Super Kings,Rajasthan Royals,Rajasthan Royals,bat,0.616822429906542,0.5555555555555556,1
2014,Bangalore,M Chinnaswamy Stadium,Royal Challengers Bangalore,Delhi Daredevils,Delhi Daredevils,field,0.5,0.4444444444444444,1
2014,Hyderabad,"Rajiv Gandhi International Stadium, Uppal",Sunrisers Hyderabad,Kings XI Punjab,Kings XI Punjab,field,0.5384615384615384,0.5204081632653061,0
2014,Cuttack,Barabati Stadium,Kolkata Knight Riders,Mumbai Indians,Kolkata Knight Riders,field,0.4742268041237113,0.5673076923076923,1
2014,Ahmedabad,"Sardar Patel Stadium, Motera",Rajasthan Royals,Delhi Daredevils,Delhi Daredevils,field,0.55,0.44,1
2014,Ranchi,JSCA International Stadium Complex,Chennai Super Kings,Royal Challengers Bangalore,Chennai Super Kings,bat,0.6203703703703703,0.5048543689320388,0
2014,Hyderabad,"Rajiv Gandhi International Stadium, Uppal",Sunrisers Hyderabad,Kolkata Knight Riders,Sunrisers Hyderabad,bat,0.5185185185185185,0.47959183673469385,0
2014,Delhi,Feroz Shah Kotla,Delhi Daredevils,Kings XI Punjab,Kings XI Punjab,field,0.43564356435643564,0.5252525252525253,0
2014,Ahmedabad,"Sardar Patel Stadium, Motera",Rajasthan Royals,Mumbai Indians,Mumbai Indians,bat,0.5544554455445545,0.5619047619047619,0
2014,Hyderabad,"Rajiv Gandhi International Stadium, Uppal",Sunrisers Hyderabad,Royal Challengers Bangalore,Royal Challengers Bangalore,bat,0.5,0.5096153846153846,1
2014,Kolkata,Eden Gardens,Kolkata Knight Riders,Chennai Super Kings,Kolkata Knight Riders,field,0.48484848484848486,0.6146788990825688,1
2014,Chandigarh,"Punjab Cricket Association Stadium, Mohali",Kings XI Punjab,Mumbai Indians,Mumbai Indians,field,0.53,0.5660377358490566,0
2014,Kolkata,Eden Gardens,Kolkata Knight Riders,Royal Challengers Bangalore,Royal Challengers Bangalore,field,0.49,0.5047619047619047,1
2014,Ranchi,JSCA International Stadium Complex,Chennai Super Kings,Sunrisers Hyderabad,Sunrisers Hyderabad,field,0.6090909090909091,0.5172413793103449,0
2014,Mumbai,Wankhede Stadium,Mumbai Indians,Delhi Daredevils,Delhi Daredevils,field,0.5700934579439252,0.43137254901960786,1
2014,Chandigarh,"Punjab Cricket Association Stadium, Mohali",Kings XI Punjab,Rajasthan Royals,Rajasthan Royals,field,0.5247524752475248,0.5490196078431373,1
2014,Kolkata,Eden Gardens,Kolkata Knight Riders,Sunrisers Hyderabad,Kolkata Knight Riders,field,0.49504950495049505,0.5333333333333333,1
2014,Bangalore,M Chinnaswamy Stadium,Royal Challengers Bangalore,Chennai Super Kings,Chennai Super Kings,field,0.5,0.6036036036036037,0
2014,Chandigarh,"Punjab Cricket Association Stadium, Mohali",Kings XI Punjab,Delhi Daredevils,Kings XI Punjab,field,0.5294117647058824,0.42718446601941745,1
2014,Mumbai,Wankhede Stadium,Mumbai Indians,Rajasthan Royals,Mumbai Indians,field,0.5740740740740741,0.5436893203883495,1
2014,Kolkata,Eden Gardens,Kings XI Punjab,Kolkata Knight Riders,Kings XI Punjab,field,0.5339805825242718,0.5,0
2014,Mumbai,Brabourne Stadium,Chennai Super Kings,Mumbai Indians,Chennai Super Kings,field,0.6071428571428571,0.5779816513761468,1
2014,Mumbai,Wankhede Stadium,Chennai Super Kings,Kings XI Punjab,Chennai Super Kings,field,0.6106194690265486,0.5288461538461539,0
2014,Bangalore,M Chinnaswamy Stadium,Kolkata Knight Riders,Kings XI Punjab,Kolkata Knight Riders,field,0.5048543689320388,0.5333333333333333,1
2015,Kolkata,Eden Gardens,Kolkata Knight Riders,Mumbai Indians,Kolkata Knight Riders,field,0.5096153846153846,0.5727272727272728,1
2015,Chennai,"MA Chidambaram Stadium, Chepauk",Chennai Super Kings,Delhi Daredevils,Delhi Daredevils,field,0.6052631578947368,0.4230769230769231,1
2015,Pune,Maharashtra Cricket Association Stadium,Kings XI Punjab,Rajasthan Royals,Kings XI Punjab,field,0.5283018867924528,0.5384615384615384,0
2015,Chennai,"MA Chidambaram Stadium, Chepauk",Chennai Super Kings,Sunrisers Hyderabad,Chennai Super Kings,bat,0.6086956521739131,0.5161290322580645,1
2015,Kolkata,Eden Gardens,Kolkata Knight Riders,Royal Challengers Bangalore,Royal Challengers Bangalore,field,0.5142857142857142,0.4953271028037383,0
2015,Delhi,Feroz Shah Kotla,Delhi Daredevils,Rajasthan Royals,Rajasthan Royals,field,0.41904761904761906,0.5428571428571428,0
2015,Mumbai,Wankhede Stadium,Mumbai Indians,Kings XI Punjab,Mumbai Indians,field,0.5675675675675675,0.5233644859813084,0
2015,Bangalore,M Chinnaswamy Stadium,Royal Challengers Bangalore,Sunrisers Hyderabad,Sunrisers Hyderabad,field,0.5,0.5,0
2015,Ahmedabad,"Sardar Patel Stadium, Motera",Rajasthan Royals,Mumbai Indians,Mumbai Indians,bat,0.5471698113207547,0.5625,1
2015,Pune,Maharashtra Cricket Association Stadium,Kings XI Punjab,Delhi Daredevils,Kings XI Punjab,bat,0.5277777777777778,0.41509433962264153,0
2015,Visakhapatnam,Dr. Y.S. Rajasekhara Reddy ACA-VDCA Cricket Stadium,Sunrisers Hyderabad,Rajasthan Royals,Rajasthan Royals,field,0.5151515151515151,0.5514018691588785,0
2015,Mumbai,Wankhede Stadium,Mumbai Indians,Chennai Super Kings,Mumbai Indians,bat,0.5575221238938053,0.6120689655172413,0
2015,Visakhapatnam,Dr. Y.S. Rajasekhara Reddy ACA-VDCA Cricket Stadium,Sunrisers Hyderabad,Delhi Daredevils,Delhi Daredevils,bat,0.5,0.4205607476635514,0
2015,Pune,Maharashtra Cricket Association Stadium,Kings XI Punjab,Kolkata Knight Riders,Kolkata Knight Riders,field,0.5229357798165137,0.5094339622641509,0
2015,Ahmedabad,"Sardar Patel Stadium, Motera",Rajasthan Royals,Chennai Super Kings,Chennai Super Kings,bat,0.5555555555555556,0.6153846153846154,1
2015,Bangalore,M Chinnaswamy Stadium,Royal Challengers Bangalore,Mumbai Indians,Royal Challengers Bangalore,field,0.4954128440366973,0.5526315789473685,0
2015,Delhi,Feroz Shah Kotla,Delhi Daredevils,Kolkata Knight Riders,Kolkata Knight Riders,field,0.42592592592592593,0.514018691588785,0
2015,Ahmedabad,"Sardar Patel Stadium, Motera",Rajasthan Royals,Kings XI Punjab,Kings XI Punjab,field,0.5596330275229358,0.5181818181818182,0
2015,Bangalore,M Chinnaswamy Stadium,Royal Challengers Bangalore,Chennai Super Kings,Royal Challengers Bangalore,field,0.4909090909090909,0.6101694915254238,0
2015,Visakhapatnam,Dr. Y.S. Rajasekhara Reddy ACA-VDCA Cricket Stadium,Sunrisers Hyderabad,Kolkata Knight Riders,Kolkata Knight Riders,field,0.4857142857142857,0.5185185185185185,1
2015,Delhi,Feroz Shah Kotla,Delhi Daredevils,Mumbai Indians,Mumbai Indians,field,0.42201834862385323,0.5565217391304348,1
2015,Ahmedabad,"Sardar Patel Stadium, Motera",Rajasthan Royals,Royal Challengers Bangalore,Royal Challengers Bangalore,field,0.5545454545454546,0.4864864864864865,0
2015,Mumbai,Wankhede Stadium,Mumbai Indians,Sunrisers Hyderabad,Mumbai Indians,bat,0.5517241379310345,0.5,1
2015,Chennai,"MA Chidambaram Stadium, Chepauk",Chennai Super Kings,Kings XI Punjab,Chennai Super Kings,bat,0.6134453781512605,0.5225225225225225,1
2015,Delhi,Feroz Shah Kotla,Delhi Daredevils,Royal Challengers Bangalore,Royal Challengers Bangalore,field,0.42727272727272725,0.49107142857142855,0
2015,Chandigarh,"Punjab Cricket Association Stadium, Mohali",Kings XI Punjab,Sunrisers Hyderabad,Kings XI Punjab,field,0.5178571428571429,0.4864864864864865,0
2015,Chennai,"MA Chidambaram Stadium, Chepauk",Chennai Super Kings,Kolkata Knight Riders,Kolkata Knight Riders,field,0.6166666666666667,0.5137614678899083,1
2015,Kolkata,Eden Gardens,Kolkata Knight Riders,Chennai Super Kings,Kolkata Knight Riders,field,0.509090909090909,0.6198347107438017,1
2015,Delhi,Feroz Shah Kotla,Delhi Daredevils,Kings XI Punjab,Delhi Daredevils,field,0.42342342342342343,0.5132743362831859,1
2015,Mumbai,Wankhede Stadium,Mumbai Indians,Rajasthan Royals,Rajasthan Royals,field,0.5555555555555556,0.5495495495495496,1
2015,Bangalore,M Chinnaswamy Stadium,Royal Challengers Bangalore,Kolkata Knight Riders,Royal Challengers Bangalore,field,0.49557522123893805,0.5135135135135135,1
2015,Hyderabad,"Rajiv Gandhi International Stadium, Uppal",Sunrisers Hyderabad,Chennai Super Kings,Chennai Super Kings,field,0.5,0.6147540983606558,1
2015,Chandigarh,"Punjab Cricket Association Stadium, Mohali",Kings XI Punjab,Mumbai Indians,Mumbai Indians,bat,0.5087719298245614,0.559322033898305,0
2015,Mumbai,Brabourne Stadium,Rajasthan Royals,Delhi Daredevils,Delhi Daredevils,field,0.5446428571428571,0.42857142857142855,1
2015,Chennai,"MA Chidambaram Stadium, Chepauk",Chennai Super Kings,Royal Challengers Bangalore,Chennai Super Kings,bat,0.6097560975609756,0.5,1
2015,Kolkata,Eden Gardens,Kolkata Knight Riders,Sunrisers Hyderabad,Sunrisers Hyderabad,field,0.5089285714285714,0.5128205128205128,1
2015,Mumbai,Wankhede Stadium,Mumbai Indians,Delhi Daredevils,Delhi Daredevils,bat,0.5630252100840336,0.4247787610619469,1
2015,Bangalore,M Chinnaswamy Stadium,Royal Challengers Bangalore,Kings XI Punjab,Kings XI Punjab,field,0.4956521739130435,0.5043478260869565,1
2015,Kolkata,Eden Gardens,Kolkata Knight Riders,Delhi Daredevils,Kolkata Knight Riders,bat,0.5132743362831859,0.42105263157894735,1
2015,Mumbai,Brabourne Stadium,Rajasthan Royals,Sunrisers Hyderabad,Rajasthan Royals,field,0.5486725663716814,0.5,0
2015,Chennai,"MA Chidambaram Stadium, Chepauk",Chennai Super Kings,Mumbai Indians,Chennai Super Kings,bat,0.6129032258064516,0.5666666666666667,0
2015,Kolkata,Eden Gardens,Kolkata Knight Riders,Kings XI Punjab,Kings XI Punjab,bat,0.5175438596491229,0.5,1
2015,Raipur,Shaheed Veer Narayan Singh International Stadium,Delhi Daredevils,Sunrisers Hyderabad,Sunrisers Hyderabad,bat,0.41739130434782606,0.5121951219512195,0
2015,Mumbai,Wankhede Stadium,Mumbai Indians,Royal Challengers Bangalore,Royal Challengers Bangalore,bat,0.5702479338842975,0.5,0
2015,Chennai,"MA Chidambaram Stadium, Chepauk",Chennai Super Kings,Rajasthan Royals,Chennai Super Kings,bat,0.608,0.543859649122807,1
2015,Hyderabad,"Rajiv Gandhi International Stadium, Uppal",Sunrisers Hyderabad,Kings XI Punjab,Sunrisers Hyderabad,bat,0.5238095238095238,0.49572649572649574,1
2015,Raipur,Shaheed Veer Narayan Singh International Stadium,Delhi Daredevils,Chennai Super Kings,Chennai Super Kings,bat,0.41379310344827586,0.6111111111111112,1
2015,Chandigarh,"Punjab Cricket Association Stadium, Mohali",Kings XI Punjab,Royal Challengers Bangalore,Royal Challengers Bangalore,field,0.4915254237288136,0.5042735042735043,1
2015,Mumbai,Wankhede Stadium,Mumbai Indians,Kolkata Knight Riders,Kolkata Knight Riders,field,0.5655737704918032,0.5217391304347826,1
2015,Hyderabad,"Rajiv Gandhi International Stadium, Uppal",Sunrisers Hyderabad,Royal Challengers Bangalore,Sunrisers Hyderabad,bat,0.5348837209302325,0.5,0
2015,Chandigarh,"Punjab Cricket Association Stadium, Mohali",Kings XI Punjab,Chennai Super Kings,Kings XI Punjab,bat,0.4957983193277311,0.6062992125984252,0
2015,Mumbai,Brabourne Stadium,Rajasthan Royals,Kolkata Knight Riders,Rajasthan Royals,bat,0.5391304347826087,0.5172413793103449,1
2015,Hyderabad,"Rajiv Gandhi International Stadium, Uppal",Sunrisers Hyderabad,Mumbai Indians,Sunrisers Hyderabad,bat,0.5227272727272727,0.5691056910569106,0
2015,Mumbai,Wankhede Stadium,Chennai Super Kings,Mumbai Indians,Mumbai Indians,bat,0.609375,0.5725806451612904,0
2015,Pune,Maharashtra Cricket Association Stadium,Royal Challengers Bangalore,Rajasthan Royals,Royal Challengers Bangalore,bat,0.5042016806722689,0.5431034482758621,1
2015,Ranchi,JSCA International Stadium Complex,Chennai Super Kings,Royal Challengers Bangalore,Chennai Super Kings,field,0.6046511627906976,0.5083333333333333,1
2015,Kolkata,Eden Gardens,Mumbai Indians,Chennai Super Kings,Chennai Super Kings,field,0.576,0.6076923076923076,1
2016,Mumbai,Wankhede Stadium,Mumbai Indians,Rising Pune Supergiants,Mumbai Indians,bat,0.5793650793650794,0.0,0
2016,Kolkata,Eden Gardens,Kolkata Knight Riders,Delhi Daredevils,Kolkata Knight Riders,field,0.5128205128205128,0.4188034188034188,1
2016,Chandigarh,"Punjab Cricket Association IS Bindra Stadium, Mohali",Kings XI Punjab,Gujarat Lions,Gujarat Lions,field,0.49166666666666664,0.0,0
2016,Bangalore,M Chinnaswamy Stadium,Royal Challengers Bangalore,Sunrisers Hyderabad,Sunrisers Hyderabad,field,0.5041322314049587,0.5111111111111111,1
2016,Kolkata,Eden Gardens,Kolkata Knight Riders,Mumbai Indians,Mumbai Indians,field,0.5169491525423728,0.5748031496062992,0
2016,Rajkot,Saurashtra Cricket Association Stadium,Gujarat Lions,Rising Pune Supergiants,Rising Pune Supergiants,bat,1.0,1.0,1
2016,Delhi,Feroz Shah Kotla,Delhi Daredevils,Kings XI Punjab,Delhi Daredevils,field,0.4152542372881356,0.48760330578512395,1
2016,Hyderabad,"Rajiv Gandhi International Stadium, Uppal",Sunrisers Hyderabad,Kolkata Knight Riders,Sunrisers Hyderabad,bat,0.5,0.5126050420168067,0
2016,Mumbai,Wankhede Stadium,Mumbai Indians,Gujarat Lions,Gujarat Lions,field,0.578125,1.0,0
2016,Chandigarh,"Punjab Cricket Association IS Bindra Stadium, Mohali",Kings XI Punjab,Rising Pune Supergiants,Rising Pune Supergiants,bat,0.48360655737704916,0.5,1
2016,Bangalore,M Chinnaswamy Stadium,Royal Challengers Bangalore,Delhi Daredevils,Delhi Daredevils,field,0.5081967213114754,0.42016806722689076,0
2016,Hyderabad,"Rajiv Gandhi International Stadium, Uppal",Sunrisers Hyderabad,Mumbai Indians,Sunrisers Hyderabad,field,0.48936170212765956,0.5736434108527132,1
2016,Chandigarh,"Punjab Cricket Association IS Bindra Stadium, Mohali",Kings XI Punjab,Kolkata Knight Riders,Kolkata Knight Riders,field,0.4878048780487805,0.5166666666666667,0
2016,Mumbai,Wankhede Stadium,Mumbai Indians,Royal Challengers Bangalore,Mumbai Indians,field,0.5692307692307692,0.5040650406504065,1
2016,Rajkot,Saurashtra Cricket Association Stadium,Gujarat Lions,Sunrisers Hyderabad,Sunrisers Hyderabad,field,1.0,0.5,0
2016,Pune,Maharashtra Cricket Association Stadium,Rising Pune Supergiants,Royal Challengers Bangalore,Rising Pune Supergiants,field,0.3333333333333333,0.5,0
2016,Delhi,Feroz Shah Kotla,Delhi Daredevils,Mumbai Indians,Mumbai Indians,field,0.425,0.5725190839694656,1
2016,Hyderabad,"Rajiv Gandhi International Stadium, Uppal",Sunrisers Hyderabad,Kings XI Punjab,Sunrisers Hyderabad,field,0.5102040816326531,0.4838709677419355,1
2016,Rajkot,Saurashtra Cricket Association Stadium,Gujarat Lions,Royal Challengers Bangalore,Royal Challengers Bangalore,bat,0.75,0.504,1
2016,Pune,Maharashtra Cricket Association Stadium,Rising Pune Supergiants,Kolkata Knight Riders,Kolkata Knight Riders,field,0.25,0.5206611570247934,0
2016,Chandigarh,"Punjab Cricket Association IS Bindra Stadium, Mohali",Kings XI Punjab,Mumbai Indians,Kings XI Punjab,field,0.48,0.5681818181818182,0
2016,Hyderabad,"Rajiv Gandhi International Stadium, Uppal",Sunrisers Hyderabad,Rising Pune Supergiants,Rising Pune Supergiants,field,0.52,0.2,0
2016,Delhi,Feroz Shah Kotla,Delhi Daredevils,Gujarat Lions,Delhi Daredevils,field,0.4297520661157025,0.8,0
2016,Mumbai,Wankhede Stadium,Mumbai Indians,Kolkata Knight Riders,Mumbai Indians,field,0.5714285714285714,0.5245901639344263,1
2016,Pune,Maharashtra Cricket Association Stadium,Rising Pune Supergiants,Gujarat Lions,Gujarat Lions,field,0.3333333333333333,0.8333333333333334,0
2016,Delhi,Feroz Shah Kotla,Delhi Daredevils,Kolkata Knight Riders,Kolkata Knight Riders,field,0.4262295081967213,0.5203252032520326,1
2016,Hyderabad,"Rajiv Gandhi International Stadium, Uppal",Sunrisers Hyderabad,Royal Challengers Bangalore,Royal Challengers Bangalore,field,0.5098039215686274,0.5,1
2016,Rajkot,Saurashtra Cricket Association Stadium,Gujarat Lions,Kings XI Punjab,Gujarat Lions,field,0.8571428571428571,0.47619047619047616,0
2016,Pune,Maharashtra Cricket Association Stadium,Rising Pune Supergiants,Mumbai Indians,Mumbai Indians,field,0.2857142857142857,0.5746268656716418,0
2016,Bangalore,M Chinnaswamy Stadium,Royal Challengers Bangalore,Kolkata Knight Riders,Kolkata Knight Riders,field,0.49606299212598426,0.5161290322580645,0
2016,Rajkot,Saurashtra Cricket Association Stadium,Gujarat Lions,Delhi Daredevils,Delhi Daredevils,field,0.75,0.43089430894308944,0
2016,Kolkata,Eden Gardens,Kolkata Knight Riders,Kings XI Punjab,Kings XI Punjab,field,0.52,0.48031496062992124,1
2016,Delhi,Feroz Shah Kotla,Delhi Daredevils,Rising Pune Supergiants,Rising Pune Supergiants,field,0.43548387096774194,0.25,0
2016,Hyderabad,"Rajiv Gandhi International Stadium, Uppal",Sunrisers Hyderabad,Gujarat Lions,Sunrisers Hyderabad,field,0.5192307692307693,0.6666666666666666,1
2016,Bangalore,M Chinnaswamy Stadium,Royal Challengers Bangalore,Rising Pune Supergiants,Royal Challengers Bangalore,field,0.4921875,0.3333333333333333,1
2016,Chandigarh,"Punjab Cricket Association IS Bindra Stadium, Mohali",Kings XI Punjab,Delhi Daredevils,Delhi Daredevils,field,0.4765625,0.432,1
2016,Visakhapatnam,Dr. Y.S. Rajasekhara Reddy ACA-VDCA Cricket Stadium,Mumbai Indians,Sunrisers Hyderabad,Mumbai Indians,field,0.5777777777777777,0.5283018867924528,0
2016,Kolkata,Eden Gardens,Kolkata Knight Riders,Gujarat Lions,Gujarat Lions,field,0.5238095238095238,0.6,0
2016,Chandigarh,"Punjab Cricket Association IS Bindra Stadium, Mohali",Kings XI Punjab,Royal Challengers Bangalore,Kings XI Punjab,field,0.4806201550387597,0.49612403100775193,0
2016,Visakhapatnam,Dr. Y.S. Rajasekhara Reddy ACA-VDCA Cricket Stadium,Rising Pune Supergiants,Sunrisers Hyderabad,Sunrisers Hyderabad,bat,0.3,0.5370370370370371,0
2016,Bangalore,M Chinnaswamy Stadium,Royal Challengers Bangalore,Mumbai Indians,Mumbai Indians,field,0.5,0.5735294117647058,0
2016,Hyderabad,"Rajiv Gandhi International Stadium, Uppal",Sunrisers Hyderabad,Delhi Daredevils,Delhi Daredevils,field,0.5454545454545454,0.42857142857142855,0
2016,Visakhapatnam,Dr. Y.S. Rajasekhara Reddy ACA-VDCA Cricket Stadium,Mumbai Indians,Kings XI Punjab,Mumbai Indians,bat,0.5766423357664233,0.47692307692307695,0
2016,Bangalore,M Chinnaswamy Stadium,Royal Challengers Bangalore,Gujarat Lions,Gujarat Lions,field,0.4961832061068702,0.6363636363636364,1
2016,Kolkata,Eden Gardens,Kolkata Knight Riders,Rising Pune Supergiants,Rising Pune Supergiants,bat,0.5196850393700787,0.2727272727272727,1
2016,Visakhapatnam,Dr. Y.S. Rajasekhara Reddy ACA-VDCA Cricket Stadium,Mumbai Indians,Delhi Daredevils,Delhi Daredevils,field,0.572463768115942,0.4330708661417323,1
2016,Chandigarh,"Punjab Cricket Association IS Bindra Stadium, Mohali",Kings XI Punjab,Sunrisers Hyderabad,Kings XI Punjab,bat,0.48091603053435117,0.5357142857142857,0
2016,Kolkata,Eden Gardens,Kolkata Knight Riders,Royal Challengers Bangalore,Royal Challengers Bangalore,field,0.5234375,0.5,0
2016,Visakhapatnam,Dr. Y.S. Rajasekhara Reddy ACA-VDCA Cricket Stadium,Rising Pune Supergiants,Delhi Daredevils,Rising Pune Supergiants,field,0.25,0.4296875,1
2016,Bangalore,M Chinnaswamy Stadium,Royal Challengers Bangalore,Kings XI Punjab,Kings XI Punjab,field,0.5037593984962406,0.4772727272727273,1
2016,Kanpur,Green Park,Gujarat Lions,Kolkata Knight Riders,Gujarat Lions,field,0.5833333333333334,0.5193798449612403,1
2016,Raipur,Shaheed Veer Narayan Singh International Stadium,Delhi Daredevils,Sunrisers Hyderabad,Delhi Daredevils,field,0.4263565891472868,0.543859649122807,1
2016,Visakhapatnam,Dr. Y.S. Rajasekhara Reddy ACA-VDCA Cricket Stadium,Rising Pune Supergiants,Kings XI Punjab,Kings XI Punjab,bat,0.3076923076923077,0.47368421052631576,1
2016,Kanpur,Green Park,Gujarat Lions,Mumbai Indians,Gujarat Lions,field,0.6153846153846154,0.5755395683453237,1
2016,Kolkata,Eden Gardens,Kolkata Knight Riders,Sunrisers Hyderabad,Sunrisers Hyderabad,field,0.5153846153846153,0.5344827586206896,1
2016,Raipur,Shaheed Veer Narayan Singh International Stadium,Delhi Daredevils,Royal Challengers Bangalore,Royal Challengers Bangalore,field,0.4307692307692308,0.5074626865671642,0
2016,Bangalore,M Chinnaswamy Stadium,Gujarat Lions,Royal Challengers Bangalore,Royal Challengers Bangalore,field,0.6428571428571429,0.5111111111111111,0
2016,Delhi,Feroz Shah Kotla,Sunrisers Hyderabad,Kolkata Knight Riders,Kolkata Knight Riders,field,0.5254237288135594,0.5190839694656488,1
2016,Delhi,Feroz Shah Kotla,Gujarat Lions,Sunrisers Hyderabad,Sunrisers Hyderabad,field,0.6,0.5333333333333333,0
2016,Bangalore,M Chinnaswamy Stadium,Royal Challengers Bangalore,Sunrisers Hyderabad,Sunrisers Hyderabad,bat,0.5147058823529411,0.5409836065573771,0
2017,Hyderabad,"Rajiv Gandhi International Stadium, Uppal",Sunrisers Hyderabad,Royal Challengers Bangalore,Royal Challengers Bangalore,field,0.5483870967741935,0.5109489051094891,1
2017,Pune,Maharashtra Cricket Association Stadium,Rising Pune Supergiant,Mumbai Indians,Rising Pune Supergiant,field,0.0,0.5714285714285714,1
2017,Rajkot,Saurashtra Cricket Association Stadium,Gujarat Lions,Kolkata Knight Riders,Kolkata Knight Riders,field,0.5625,0.5151515151515151,0
2017,Bengaluru,M.Chinnaswamy Stadium,Royal Challengers Bangalore,Delhi Daredevils,Royal Challengers Bangalore,bat,0.5072463768115942,0.42748091603053434,1
2017,Indore,Holkar Cricket Stadium,Kings XI Punjab,Rising Pune Supergiant,Kings XI Punjab,field,0.4701492537313433,1.0,1
2017,Hyderabad,"Rajiv Gandhi International Stadium, Uppal",Sunrisers Hyderabad,Gujarat Lions,Sunrisers Hyderabad,field,0.5555555555555556,0.5294117647058824,1
2017,Mumbai,Wankhede Stadium,Mumbai Indians,Kolkata Knight Riders,Mumbai Indians,field,0.5673758865248227,0.518796992481203,1
2017,Indore,Holkar Cricket Stadium,Kings XI Punjab,Royal Challengers Bangalore,Royal Challengers Bangalore,bat,0.4740740740740741,0.5107913669064749,1
2017,Pune,Maharashtra Cricket Association Stadium,Rising Pune Supergiant,Delhi Daredevils,Rising Pune Supergiant,field,0.5,0.42424242424242425,0
2017,Mumbai,Wankhede Stadium,Mumbai Indians,Sunrisers Hyderabad,Mumbai Indians,field,0.5704225352112676,0.5625,1
2017,Kolkata,Eden Gardens,Kolkata Knight Riders,Kings XI Punjab,Kolkata Knight Riders,field,0.5149253731343284,0.47794117647058826,1
2017,Bangalore,M Chinnaswamy Stadium,Royal Challengers Bangalore,Mumbai Indians,Mumbai Indians,field,0.5071428571428571,0.5734265734265734,0
2017,Rajkot,Saurashtra Cricket Association Stadium,Gujarat Lions,Rising Pune Supergiant,Gujarat Lions,field,0.5,0.3333333333333333,1
2017,Kolkata,Eden Gardens,Kolkata Knight Riders,Sunrisers Hyderabad,Sunrisers Hyderabad,field,0.5185185185185185,0.5538461538461539,1
2017,Delhi,Feroz Shah Kotla,Delhi Daredevils,Kings XI Punjab,Delhi Daredevils,bat,0.42857142857142855,0.4744525547445255,1
2017,Mumbai,Wankhede Stadium,Mumbai Indians,Gujarat Lions,Mumbai Indians,field,0.5763888888888888,0.5263157894736842,1
2017,Bangalore,M Chinnaswamy Stadium,Royal Challengers Bangalore,Rising Pune Supergiant,Royal Challengers Bangalore,field,0.5035460992907801,0.25,0
2017,Delhi,Feroz Shah Kotla,Delhi Daredevils,Kolkata Knight Riders,Delhi Daredevils,bat,0.43283582089552236,0.5220588235294118,0
2017,Hyderabad,"Rajiv Gandhi International Stadium, Uppal",Sunrisers Hyderabad,Kings XI Punjab,Kings XI Punjab,field,0.5454545454545454,0.47101449275362317,1
2017,Rajkot,Saurashtra Cricket Association Stadium,Gujarat Lions,Royal Challengers Bangalore,Gujarat Lions,field,0.5,0.5,0
2017,Hyderabad,"Rajiv Gandhi International Stadium, Uppal",Sunrisers Hyderabad,Delhi Daredevils,Sunrisers Hyderabad,bat,0.5522388059701493,0.42962962962962964,1
2017,Indore,Holkar Cricket Stadium,Kings XI Punjab,Mumbai Indians,Mumbai Indians,field,0.4676258992805755,0.5793103448275863,0
2017,Kolkata,Eden Gardens,Kolkata Knight Riders,Gujarat Lions,Gujarat Lions,field,0.5255474452554745,0.47619047619047616,0
2017,Mumbai,Wankhede Stadium,Mumbai Indians,Delhi Daredevils,Delhi Daredevils,field,0.5821917808219178,0.4264705882352941,1
2017,Pune,Maharashtra Cricket Association Stadium,Rising Pune Supergiant,Sunrisers Hyderabad,Rising Pune Supergiant,field,0.4,0.5588235294117647,1
2017,Rajkot,Saurashtra Cricket Association Stadium,Gujarat Lions,Kings XI Punjab,Gujarat Lions,field,0.5,0.4642857142857143,0
2017,Kolkata,Eden Gardens,Kolkata Knight Riders,Royal Challengers Bangalore,Royal Challengers Bangalore,field,0.5217391304347826,0.5034965034965035,1
2017,Mumbai,Wankhede Stadium,Mumbai Indians,Rising Pune Supergiant,Mumbai Indians,field,0.5850340136054422,0.5,0
2017,Pune,Maharashtra Cricket Association Stadium,Rising Pune Supergiant,Kolkata Knight Riders,Kolkata Knight Riders,field,0.5714285714285714,0.5251798561151079,0
2017,Bangalore,M Chinnaswamy Stadium,Royal Challengers Bangalore,Gujarat Lions,Gujarat Lions,field,0.5,0.4782608695652174,0
2017,Kolkata,Eden Gardens,Kolkata Knight Riders,Delhi Daredevils,Kolkata Knight Riders,field,0.5285714285714286,0.4233576642335766,1
2017,Chandigarh,"Punjab Cricket Association IS Bindra Stadium, Mohali",Kings XI Punjab,Sunrisers Hyderabad,Kings XI Punjab,field,0.46808510638297873,0.5507246376811594,0
2017,Pune,Maharashtra Cricket Association Stadium,Rising Pune Supergiant,Royal Challengers Bangalore,Royal Challengers Bangalore,field,0.5,0.496551724137931,1
2017,Rajkot,Saurashtra Cricket Association Stadium,Gujarat Lions,Mumbai Indians,Gujarat Lions,bat,0.5,0.581081081081081,0
2017,Chandigarh,"Punjab Cricket Association IS Bindra Stadium, Mohali",Kings XI Punjab,Delhi Daredevils,Kings XI Punjab,field,0.4647887323943662,0.42028985507246375,1
2017,Hyderabad,"Rajiv Gandhi International Stadium, Uppal",Sunrisers Hyderabad,Kolkata Knight Riders,Kolkata Knight Riders,field,0.5571428571428572,0.5319148936170213,1
2017,Mumbai,Wankhede Stadium,Mumbai Indians,Royal Challengers Bangalore,Royal Challengers Bangalore,bat,0.5838926174496645,0.4931506849315068,1
2017,Pune,Maharashtra Cricket Association Stadium,Rising Pune Supergiant,Gujarat Lions,Rising Pune Supergiant,field,0.5555555555555556,0.48,1
2017,Delhi,Feroz Shah Kotla,Delhi Daredevils,Sunrisers Hyderabad,Delhi Daredevils,field,0.4172661870503597,0.5633802816901409,1
2017,Kolkata,Eden Gardens,Kolkata Knight Riders,Rising Pune Supergiant,Rising Pune Supergiant,field,0.528169014084507,0.6,0
2017,Delhi,Feroz Shah Kotla,Delhi Daredevils,Gujarat Lions,Delhi Daredevils,field,0.42142857142857143,0.46153846153846156,1
2017,Bangalore,M Chinnaswamy Stadium,Royal Challengers Bangalore,Kings XI Punjab,Royal Challengers Bangalore,field,0.4897959183673469,0.46853146853146854,0
2017,Hyderabad,"Rajiv Gandhi International Stadium, Uppal",Sunrisers Hyderabad,Rising Pune Supergiant,Sunrisers Hyderabad,field,0.5555555555555556,0.6363636363636364,0
2017,Delhi,Feroz Shah Kotla,Delhi Daredevils,Mumbai Indians,Delhi Daredevils,field,0.425531914893617,0.5866666666666667,0
2017,Bangalore,M Chinnaswamy Stadium,Royal Challengers Bangalore,Kolkata Knight Riders,Kolkata Knight Riders,field,0.4864864864864865,0.5244755244755245,0
2017,Chandigarh,"Punjab Cricket Association IS Bindra Stadium, Mohali",Kings XI Punjab,Gujarat Lions,Gujarat Lions,field,0.4722222222222222,0.4444444444444444,0
2017,Hyderabad,"Rajiv Gandhi International Stadium, Uppal",Sunrisers Hyderabad,Mumbai Indians,Mumbai Indians,bat,0.547945205479452,0.5894039735099338,1
2017,Chandigarh,"Punjab Cricket Association IS Bindra Stadium, Mohali",Kings XI Punjab,Kolkata Knight Riders,Kolkata Knight Riders,field,0.4689655172413793,0.5277777777777778,1
2017,Kanpur,Green Park,Gujarat Lions,Delhi Daredevils,Delhi Daredevils,field,0.4642857142857143,0.4225352112676056,0
2017,Mumbai,Wankhede Stadium,Mumbai Indians,Kings XI Punjab,Mumbai Indians,field,0.5855263157894737,0.4726027397260274,0
2017,Delhi,Feroz Shah Kotla,Delhi Daredevils,Rising Pune Supergiant,Delhi Daredevils,bat,0.42657342657342656,0.6666666666666666,1
2017,Kanpur,Green Park,Gujarat Lions,Sunrisers Hyderabad,Sunrisers Hyderabad,field,0.4482758620689655,0.5540540540540541,0
2017,Kolkata,Eden Gardens,Kolkata Knight Riders,Mumbai Indians,Kolkata Knight Riders,field,0.5241379310344828,0.5816993464052288,0
2017,Pune,Maharashtra Cricket Association Stadium,Rising Pune Supergiant,Kings XI Punjab,Rising Pune Supergiant,field,0.6153846153846154,0.47619047619047616,1
2017,Delhi,Feroz Shah Kotla,Delhi Daredevils,Royal Challengers Bangalore,Royal Challengers Bangalore,bat,0.4305555555555556,0.48322147651006714,0
2017,Mumbai,Wankhede Stadium,Mumbai Indians,Rising Pune Supergiant,Mumbai Indians,field,0.5844155844155844,0.6428571428571429,0
2017,Bangalore,M Chinnaswamy Stadium,Sunrisers Hyderabad,Kolkata Knight Riders,Kolkata Knight Riders,field,0.56,0.5205479452054794,0
2017,Bangalore,M Chinnaswamy Stadium,Mumbai Indians,Kolkata Knight Riders,Mumbai Indians,field,0.5806451612903226,0.5238095238095238,1
2017,Hyderabad,"Rajiv Gandhi International Stadium, Uppal",Mumbai Indians,Rising Pune Supergiant,Mumbai Indians,bat,0.5833333333333334,0.6666666666666666,1
2018,Mumbai,Wankhede Stadium,Mumbai Indians,Chennai Super Kings,Chennai Super Kings,field,0.5859872611464968,0.6030534351145038,0
2018,Chandigarh,Punjab Cricket Association IS Bindra Stadium,Delhi Daredevils,Kings XI Punjab,Kings XI Punjab,field,0.42758620689655175,0.47297297297297297,0
2018,Kolkata,Eden Gardens,Royal Challengers Bangalore,Kolkata Knight Riders,Kolkata Knight Riders,field,0.4866666666666667,0.5202702702702703,0
2018,Hyderabad,Rajiv Gandhi International Stadium,Rajasthan Royals,Sunrisers Hyderabad,Sunrisers Hyderabad,field,0.5384615384615384,0.5526315789473685,0
2018,Chennai,MA Chidambaram Stadium,Kolkata Knight Riders,Chennai Super Kings,Chennai Super Kings,field,0.5234899328859061,0.6060606060606061,0
2018,Jaipur,Sawai Mansingh Stadium,Rajasthan Royals,Delhi Daredevils,Delhi Daredevils,field,0.5338983050847458,0.4246575342465753,1
2018,Hyderabad,Rajiv Gandhi International Stadium,Mumbai Indians,Sunrisers Hyderabad,Sunrisers Hyderabad,field,0.5822784810126582,0.5584415584415584,0
2018,Bengaluru,M.Chinnaswamy Stadium,Kings XI Punjab,Royal Challengers Bangalore,Royal Challengers Bangalore,field,0.47651006711409394,0.48344370860927155,0
2018,Mumbai,Wankhede Stadium,Mumbai Indians,Delhi Daredevils,Delhi Daredevils,field,0.5786163522012578,0.4217687074829932,0
2018,Kolkata,Eden Gardens,Kolkata Knight Riders,Sunrisers Hyderabad,Sunrisers Hyderabad,field,0.52,0.5641025641025641,0
2018,Bengaluru,M.Chinnaswamy Stadium,Rajasthan Royals,Royal Challengers Bangalore,Royal Challengers Bangalore,field,0.5378151260504201,0.4868421052631579,1
2018,Chandigarh,Punjab Cricket Association IS Bindra Stadium,Kings XI Punjab,Chennai Super Kings,Chennai Super Kings,field,0.47333333333333333,0.6090225563909775,1
2018,Kolkata,Eden Gardens,Kolkata Knight Riders,Delhi Daredevils,Delhi Daredevils,field,0.5165562913907285,0.42567567567567566,1
2018,Mumbai,Wankhede Stadium,Mumbai Indians,Royal Challengers Bangalore,Royal Challengers Bangalore,field,0.575,0.48366013071895425,1
2018,Jaipur,Sawai Mansingh Stadium,Rajasthan Royals,Kolkata Knight Riders,Kolkata Knight Riders,field,0.5416666666666666,0.5197368421052632,0
2018,Chandigarh,Punjab Cricket Association IS Bindra Stadium,Kings XI Punjab,Sunrisers Hyderabad,Kings XI Punjab,bat,0.4768211920529801,0.569620253164557,1
2018,Pune,Maharashtra Cricket Association Stadium,Chennai Super Kings,Rajasthan Royals,Rajasthan Royals,field,0.6044776119402985,0.5371900826446281,1
2018,Kolkata,Eden Gardens,Kolkata Knight Riders,Kings XI Punjab,Kings XI Punjab,field,0.5228758169934641,0.48026315789473684,0
2018,Bengaluru,M.Chinnaswamy Stadium,Delhi Daredevils,Royal Challengers Bangalore,Royal Challengers Bangalore,field,0.4228187919463087,0.4805194805194805,0
2018,Hyderabad,Rajiv Gandhi International Stadium,Chennai Super Kings,Sunrisers Hyderabad,Sunrisers Hyderabad,field,0.6074074074074074,0.5625,1
2018,Jaipur,Sawai Mansingh Stadium,Mumbai Indians,Rajasthan Royals,Mumbai Indians,bat,0.577639751552795,0.5327868852459017,0
2018,Delhi,Arun Jaitley Stadium,Kings XI Punjab,Delhi Daredevils,Delhi Daredevils,field,0.48366013071895425,0.42,1
2018,Mumbai,Wankhede Stadium,Sunrisers Hyderabad,Mumbai Indians,Mumbai Indians,field,0.5555555555555556,0.5740740740740741,1
2018,Bengaluru,M.Chinnaswamy Stadium,Royal Challengers Bangalore,Chennai Super Kings,Chennai Super Kings,field,0.4838709677419355,0.6102941176470589,0
2018,Hyderabad,Rajiv Gandhi International Stadium,Sunrisers Hyderabad,Kings XI Punjab,Kings XI Punjab,field,0.5609756097560976,0.487012987012987,1
2018,Delhi,Arun Jaitley Stadium,Delhi Daredevils,Kolkata Knight Riders,Kolkata Knight Riders,field,0.41721854304635764,0.5194805194805194,1
2018,Pune,Maharashtra Cricket Association Stadium,Chennai Super Kings,Mumbai Indians,Mumbai Indians,field,0.6131386861313869,0.5705521472392638,0
2018,Jaipur,Sawai Mansingh Stadium,Sunrisers Hyderabad,Rajasthan Royals,Sunrisers Hyderabad,bat,0.5662650602409639,0.5365853658536586,1
2018,Bengaluru,M.Chinnaswamy Stadium,Royal Challengers Bangalore,Kolkata Knight Riders,Kolkata Knight Riders,field,0.4807692307692308,0.5161290322580645,0
2018,Pune,Maharashtra Cricket Association Stadium,Chennai Super Kings,Delhi Daredevils,Delhi Daredevils,field,0.6086956521739131,0.42105263157894735,1
2018,Bengaluru,M.Chinnaswamy Stadium,Royal Challengers Bangalore,Mumbai Indians,Mumbai Indians,field,0.47770700636942676,0.573170731707317,1
2018,Delhi,Arun Jaitley Stadium,Delhi Daredevils,Rajasthan Royals,Rajasthan Royals,field,0.41830065359477125,0.532258064516129,1
2018,Kolkata,Eden Gardens,Chennai Super Kings,Kolkata Knight Riders,Kolkata Knight Riders,field,0.6115107913669064,0.5192307692307693,0
2018,Indore,Holkar Cricket Stadium,Kings XI Punjab,Mumbai Indians,Mumbai Indians,field,0.4838709677419355,0.5696969696969697,0
2018,Pune,Maharashtra Cricket Association Stadium,Royal Challengers Bangalore,Chennai Super Kings,Chennai Super Kings,field,0.4810126582278481,0.6071428571428571,0
2018,Hyderabad,Rajiv Gandhi International Stadium,Delhi Daredevils,Sunrisers Hyderabad,Delhi Daredevils,bat,0.42207792207792205,0.5714285714285714,0
2018,Mumbai,Wankhede Stadium,Mumbai Indians,Kolkata Knight Riders,Kolkata Knight Riders,field,0.572289156626506,0.5222929936305732,1
2018,Indore,Holkar Cricket Stadium,Rajasthan Royals,Kings XI Punjab,Kings XI Punjab,field,0.528,0.4807692307692308,0
2018,Hyderabad,Rajiv Gandhi International Stadium,Sunrisers Hyderabad,Royal Challengers Bangalore,Royal Challengers Bangalore,field,0.5764705882352941,0.4779874213836478,1
2018,Jaipur,Sawai Mansingh Stadium,Rajasthan Royals,Kings XI Punjab,Rajasthan Royals,bat,0.5238095238095238,0.4840764331210191,1
2018,Kolkata,Eden Gardens,Mumbai Indians,Kolkata Knight Riders,Kolkata Knight Riders,field,0.5748502994011976,0.5189873417721519,1
2018,Delhi,Arun Jaitley Stadium,Delhi Daredevils,Sunrisers Hyderabad,Delhi Daredevils,bat,0.41935483870967744,0.5813953488372093,0
2018,Jaipur,Sawai Mansingh Stadium,Chennai Super Kings,Rajasthan Royals,Chennai Super Kings,bat,0.6099290780141844,0.5275590551181102,0
2018,Indore,Holkar Cricket Stadium,Kolkata Knight Riders,Kings XI Punjab,Kings XI Punjab,field,0.5157232704402516,0.4810126582278481,1
2018,Delhi,Arun Jaitley Stadium,Delhi Daredevils,Royal Challengers Bangalore,Royal Challengers Bangalore,field,0.4166666666666667,0.475,0
2018,Pune,Maharashtra Cricket Association Stadium,Sunrisers Hyderabad,Chennai Super Kings,Chennai Super Kings,field,0.5862068965517241,0.6056338028169014,0
2018,Mumbai,Wankhede Stadium,Mumbai Indians,Rajasthan Royals,Rajasthan Royals,field,0.5773809523809523,0.53125,0
2018,Indore,Holkar Cricket Stadium,Kings XI Punjab,Royal Challengers Bangalore,Royal Challengers Bangalore,field,0.4779874213836478,0.4782608695652174,0
2018,Kolkata,Eden Gardens,Rajasthan Royals,Kolkata Knight Riders,Kolkata Knight Riders,field,0.5348837209302325,0.51875,0
2018,Mumbai,Wankhede Stadium,Mumbai Indians,Kings XI Punjab,Kings XI Punjab,field,0.5739644970414202,0.475,1
2018,Bengaluru,M.Chinnaswamy Stadium,Royal Challengers Bangalore,Sunrisers Hyderabad,Sunrisers Hyderabad,field,0.48148148148148145,0.5795454545454546,1
2018,Delhi,Arun Jaitley Stadium,Delhi Daredevils,Chennai Super Kings,Chennai Super Kings,field,0.4140127388535032,0.6083916083916084,1
2018,Jaipur,Sawai Mansingh Stadium,Rajasthan Royals,Royal Challengers Bangalore,Rajasthan Royals,bat,0.5307692307692308,0.48466257668711654,1
2018,Hyderabad,Rajiv Gandhi International Stadium,Sunrisers Hyderabad,Kolkata Knight Riders,Sunrisers Hyderabad,bat,0.5730337078651685,0.5217391304347826,0
2018,Delhi,Arun Jaitley Stadium,Delhi Daredevils,Mumbai Indians,Delhi Daredevils,bat,0.4177215189873418,0.5764705882352941,1
2018,Pune,Maharashtra Cricket Association Stadium,Kings XI Punjab,Chennai Super Kings,Chennai Super Kings,field,0.4720496894409938,0.6041666666666666,0
2018,Mumbai,Wankhede Stadium,Sunrisers Hyderabad,Chennai Super Kings,Chennai Super Kings,field,0.5666666666666667,0.6068965517241379,0
2018,Kolkata,Eden Gardens,Kolkata Knight Riders,Rajasthan Royals,Rajasthan Royals,field,0.5246913580246914,0.5343511450381679,1
2018,Kolkata,Eden Gardens,Sunrisers Hyderabad,Kolkata Knight Riders,Kolkata Knight Riders,field,0.5604395604395604,0.5276073619631901,1
2018,Mumbai,Wankhede Stadium,Sunrisers Hyderabad,Chennai Super Kings,Chennai Super Kings,field,0.5652173913043478,0.6095890410958904,0
2019,Chennai,MA Chidambaram Stadium,Royal Challengers Bangalore,Chennai Super Kings,Chennai Super Kings,field,0.4817073170731707,0.6122448979591837,0
2019,Kolkata,Eden Gardens,Sunrisers Hyderabad,Kolkata Knight Riders,Kolkata Knight Riders,field,0.5591397849462365,0.524390243902439,0
2019,Mumbai,Wankhede Stadium,Delhi Capitals,Mumbai Indians,Mumbai Indians,field,0.0,0.5730994152046783,1
2019,Jaipur,Sawai Mansingh Stadium,Kings XI Punjab,Rajasthan Royals,Rajasthan Royals,field,0.4691358024691358,0.5303030303030303,1
2019,Delhi,Arun Jaitley Stadium,Delhi Capitals,Chennai Super Kings,Delhi Capitals,bat,1.0,0.6148648648648649,0
2019,Kolkata,Eden Gardens,Kolkata Knight Riders,Kings XI Punjab,Kings XI Punjab,field,0.5272727272727272,0.4723926380368098,1
2019,Bengaluru,M.Chinnaswamy Stadium,Mumbai Indians,Royal Challengers Bangalore,Royal Challengers Bangalore,field,0.5697674418604651,0.47878787878787876,1
2019,Hyderabad,Rajiv Gandhi International Stadium,Rajasthan Royals,Sunrisers Hyderabad,Rajasthan Royals,bat,0.5263157894736842,0.5531914893617021,0
2019,Chandigarh,Punjab Cricket Association IS Bindra Stadium,Mumbai Indians,Kings XI Punjab,Kings XI Punjab,field,0.5722543352601156,0.4695121951219512,0
2019,Delhi,Arun Jaitley Stadium,Kolkata Knight Riders,Delhi Capitals,Delhi Capitals,field,0.5301204819277109,0.5,0
2019,Hyderabad,Rajiv Gandhi International Stadium,Sunrisers Hyderabad,Royal Challengers Bangalore,Royal Challengers Bangalore,field,0.5578947368421052,0.4759036144578313,1
2019,Chennai,MA Chidambaram Stadium,Chennai Super Kings,Rajasthan Royals,Rajasthan Royals,field,0.6174496644295302,0.5223880597014925,1
2019,Chandigarh,Punjab Cricket Association IS Bindra Stadium,Kings XI Punjab,Delhi Capitals,Delhi Capitals,field,0.4727272727272727,0.6666666666666666,1
2019,Jaipur,Sawai Mansingh Stadium,Royal Challengers Bangalore,Rajasthan Royals,Rajasthan Royals,field,0.47305389221556887,0.5185185185185185,0
2019,Mumbai,Wankhede Stadium,Mumbai Indians,Chennai Super Kings,Chennai Super Kings,field,0.5689655172413793,0.62,1
2019,Delhi,Arun Jaitley Stadium,Delhi Capitals,Sunrisers Hyderabad,Sunrisers Hyderabad,field,0.5,0.5625,0
2019,Bengaluru,M.Chinnaswamy Stadium,Royal Challengers Bangalore,Kolkata Knight Riders,Kolkata Knight Riders,field,0.47023809523809523,0.5269461077844312,0
2019,Chennai,MA Chidambaram Stadium,Chennai Super Kings,Kings XI Punjab,Chennai Super Kings,bat,0.6158940397350994,0.4759036144578313,1
2019,Hyderabad,Rajiv Gandhi International Stadium,Mumbai Indians,Sunrisers Hyderabad,Sunrisers Hyderabad,field,0.5714285714285714,0.5670103092783505,1
2019,Bengaluru,M.Chinnaswamy Stadium,Royal Challengers Bangalore,Delhi Capitals,Delhi Capitals,field,0.46745562130177515,0.4,0
2019,Jaipur,Sawai Mansingh Stadium,Rajasthan Royals,Kolkata Knight Riders,Kolkata Knight Riders,field,0.5220588235294118,0.5297619047619048,0
2019,Chandigarh,Punjab Cricket Association IS Bindra Stadium,Sunrisers Hyderabad,Kings XI Punjab,Kings XI Punjab,field,0.5612244897959183,0.47305389221556887,0
2019,Chennai,MA Chidambaram Stadium,Kolkata Knight Riders,Chennai Super Kings,Chennai Super Kings,field,0.5325443786982249,0.618421052631579,0
2019,Mumbai,Wankhede Stadium,Kings XI Punjab,Mumbai Indians,Mumbai Indians,field,0.47619047619047616,0.5738636363636364,0
2019,Jaipur,Sawai Mansingh Stadium,Rajasthan Royals,Chennai Super Kings,Chennai Super Kings,field,0.5182481751824818,0.6209150326797386,0
2019,Kolkata,Eden Gardens,Kolkata Knight Riders,Delhi Capitals,Delhi Capitals,field,0.5294117647058824,0.5,0
2019,Mumbai,Wankhede Stadium,Mumbai Indians,Rajasthan Royals,Rajasthan Royals,field,0.576271186440678,0.5144927536231884,0
2019,Chandigarh,Punjab Cricket Association IS Bindra Stadium,Kings XI Punjab,Royal Challengers Bangalore,Royal Challengers Bangalore,field,0.47337278106508873,0.4647058823529412,0
2019,Kolkata,Eden Gardens,Kolkata Knight Riders,Chennai Super Kings,Chennai Super Kings,field,0.5263157894736842,0.6233766233766234,0
2019,Hyderabad,Rajiv Gandhi International Stadium,Delhi Capitals,Sunrisers Hyderabad,Sunrisers Hyderabad,field,0.5714285714285714,0.5555555555555556,1
2019,Mumbai,Wankhede Stadium,Royal Challengers Bangalore,Mumbai Indians,Mumbai Indians,field,0.4678362573099415,0.5730337078651685,0
2019,Chandigarh,Punjab Cricket Association IS Bindra Stadium,Kings XI Punjab,Rajasthan Royals,Rajasthan Royals,field,0.47058823529411764,0.5179856115107914,1
2019,Hyderabad,Rajiv Gandhi International Stadium,Chennai Super Kings,Sunrisers Hyderabad,Chennai Super Kings,bat,0.6258064516129033,0.55,0
2019,Delhi,Arun Jaitley Stadium,Mumbai Indians,Delhi Capitals,Mumbai Indians,bat,0.5754189944134078,0.625,1
2019,Kolkata,Eden Gardens,Royal Challengers Bangalore,Kolkata Knight Riders,Kolkata Knight Riders,field,0.46511627906976744,0.5232558139534884,1
2019,Jaipur,Sawai Mansingh Stadium,Mumbai Indians,Rajasthan Royals,Rajasthan Royals,field,0.5777777777777777,0.5142857142857142,0
2019,Delhi,Arun Jaitley Stadium,Kings XI Punjab,Delhi Capitals,Delhi Capitals,field,0.47368421052631576,0.5555555555555556,0
2019,Bengaluru,M.Chinnaswamy Stadium,Royal Challengers Bangalore,Chennai Super Kings,Chennai Super Kings,field,0.4682080924855491,0.6217948717948718,1
2019,Hyderabad,Rajiv Gandhi International Stadium,Kolkata Knight Riders,Sunrisers Hyderabad,Sunrisers Hyderabad,field,0.5202312138728323,0.5544554455445545,0
2019,Jaipur,Sawai Mansingh Stadium,Rajasthan Royals,Delhi Capitals,Delhi Capitals,field,0.5177304964539007,0.6,0
2019,Chennai,MA Chidambaram Stadium,Sunrisers Hyderabad,Chennai Super Kings,Chennai Super Kings,field,0.5588235294117647,0.6178343949044586,0
2019,Bengaluru,M.Chinnaswamy Stadium,Royal Challengers Bangalore,Kings XI Punjab,Kings XI Punjab,field,0.47126436781609193,0.47093023255813954,1
2019,Kolkata,Eden Gardens,Kolkata Knight Riders,Rajasthan Royals,Rajasthan Royals,field,0.5172413793103449,0.5140845070422535,0
2019,Chennai,MA Chidambaram Stadium,Mumbai Indians,Chennai Super Kings,Chennai Super Kings,field,0.574585635359116,0.620253164556962,1
2019,Jaipur,Sawai Mansingh Stadium,Sunrisers Hyderabad,Rajasthan Royals,Rajasthan Royals,field,0.5533980582524272,0.5174825174825175,0
2019,Kolkata,Eden Gardens,Kolkata Knight Riders,Mumbai Indians,Mumbai Indians,field,0.5142857142857142,0.5769230769230769,1
2019,Delhi,Arun Jaitley Stadium,Delhi Capitals,Royal Challengers Bangalore,Delhi Capitals,bat,0.6363636363636364,0.4742857142857143,1
2019,Hyderabad,Rajiv Gandhi International Stadium,Sunrisers Hyderabad,Kings XI Punjab,Kings XI Punjab,field,0.5480769230769231,0.4682080924855491,1
2019,Chennai,MA Chidambaram Stadium,Chennai Super Kings,Delhi Capitals,Delhi Capitals,field,0.6163522012578616,0.6666666666666666,1
2019,Mumbai,Wankhede Stadium,Mumbai Indians,Sunrisers Hyderabad,Mumbai Indians,bat,0.5737704918032787,0.5523809523809524,1
2019,Chandigarh,Punjab Cricket Association IS Bindra Stadium,Kings XI Punjab,Kolkata Knight Riders,Kolkata Knight Riders,field,0.46551724137931033,0.5170454545454546,0
2019,Delhi,Arun Jaitley Stadium,Rajasthan Royals,Delhi Capitals,Rajasthan Royals,bat,0.5208333333333334,0.6153846153846154,0
2019,Bengaluru,M.Chinnaswamy Stadium,Sunrisers Hyderabad,Royal Challengers Bangalore,Royal Challengers Bangalore,field,0.5471698113207547,0.4715909090909091,0
2019,Chandigarh,Punjab Cricket Association IS Bindra Stadium,Chennai Super Kings,Kings XI Punjab,Kings XI Punjab,field,0.61875,0.46285714285714286,0
2019,Mumbai,Wankhede Stadium,Kolkata Knight Riders,Mumbai Indians,Mumbai Indians,field,0.519774011299435,0.5760869565217391,0
2019,Chennai,MA Chidambaram Stadium,Chennai Super Kings,Mumbai Indians,Chennai Super Kings,bat,0.6149068322981367,0.5783783783783784,0
2019,Visakhapatnam,Dr. Y.S. Rajasekhara Reddy ACA-VDCA Cricket Stadium,Sunrisers Hyderabad,Delhi Capitals,Delhi Capitals,field,0.5420560747663551,0.6428571428571429,0
2019,Visakhapatnam,Dr. Y.S. Rajasekhara Reddy ACA-VDCA Cricket Stadium,Delhi Capitals,Chennai Super Kings,Chennai Super Kings,field,0.6666666666666666,0.6111111111111112,0
2019,Hyderabad,Rajiv Gandhi International Stadium,Mumbai Indians,Chennai Super Kings,Mumbai Indians,bat,0.5806451612903226,0.6134969325153374,1
2020/21,Abu Dhabi,Sheikh Zayed Stadium,Mumbai Indians,Chennai Super Kings,Chennai Super Kings,field,0.5828877005347594,0.6097560975609756,0
2020/21,,Dubai International Cricket Stadium,Delhi Capitals,Kings XI Punjab,Kings XI Punjab,field,0.625,0.4659090909090909,1
2020/21,,Dubai International Cricket Stadium,Royal Challengers Bangalore,Sunrisers Hyderabad,Sunrisers Hyderabad,field,0.4745762711864407,0.5370370370370371,1
2020/21,,Sharjah Cricket Stadium,Rajasthan Royals,Chennai Super Kings,Chennai Super Kings,field,0.5172413793103449,0.6121212121212121,1
2020/21,Abu Dhabi,Sheikh Zayed Stadium,Mumbai Indians,Kolkata Knight Riders,Kolkata Knight Riders,field,0.5797872340425532,0.5168539325842697,1
2020/21,,Dubai International Cricket Stadium,Kings XI Punjab,Royal Challengers Bangalore,Royal Challengers Bangalore,field,0.4632768361581921,0.47752808988764045,1
2020/21,,Dubai International Cricket Stadium,Delhi Capitals,Chennai Super Kings,Chennai Super Kings,field,0.6470588235294118,0.608433734939759,1
2020/21,Abu Dhabi,Sheikh Zayed Stadium,Sunrisers Hyderabad,Kolkata Knight Riders,Sunrisers Hyderabad,bat,0.5321100917431193,0.5139664804469274,0
2020/21,,Sharjah Cricket Stadium,Kings XI Punjab,Rajasthan Royals,Rajasthan Royals,field,0.46629213483146065,0.5205479452054794,0
2020/21,,Dubai International Cricket Stadium,Royal Challengers Bangalore,Mumbai Indians,Mumbai Indians,field,0.4748603351955307,0.582010582010582,1
2020/21,Abu Dhabi,Sheikh Zayed Stadium,Sunrisers Hyderabad,Delhi Capitals,Delhi Capitals,field,0.5272727272727272,0.6666666666666666,1
2020/21,,Dubai International Cricket Stadium,Kolkata Knight Riders,Rajasthan Royals,Rajasthan Royals,field,0.5166666666666667,0.5238095238095238,1
2020/21,Abu Dhabi,Sheikh Zayed Stadium,Mumbai Indians,Kings XI Punjab,Kings XI Punjab,field,0.5789473684210527,0.46368715083798884,1
2020/21,,Dubai International Cricket Stadium,Sunrisers Hyderabad,Chennai Super Kings,Sunrisers Hyderabad,bat,0.5315315315315315,0.6047904191616766,1
2020/21,Abu Dhabi,Sheikh Zayed Stadium,Rajasthan Royals,Royal Challengers Bangalore,Rajasthan Royals,bat,0.5202702702702703,0.4777777777777778,0
2020/21,,Sharjah Cricket Stadium,Delhi Capitals,Kolkata Knight Riders,Kolkata Knight Riders,field,0.631578947368421,0.5193370165745856,1
2020/21,,Dubai International Cricket Stadium,Kings XI Punjab,Chennai Super Kings,Kings XI Punjab,bat,0.46111111111111114,0.6011904761904762,0
2020/21,,Sharjah Cricket Stadium,Mumbai Indians,Sunrisers Hyderabad,Mumbai Indians,bat,0.581151832460733,0.5357142857142857,1
2020/21,,Dubai International Cricket Stadium,Delhi Capitals,Royal Challengers Bangalore,Royal Challengers Bangalore,field,0.65,0.48066298342541436,1
2020/21,Abu Dhabi,Sheikh Zayed Stadium,Mumbai Indians,Rajasthan Royals,Mumbai Indians,bat,0.5833333333333334,0.5167785234899329,1
2020/21,Abu Dhabi,Sheikh Zayed Stadium,Kolkata Knight Riders,Chennai Super Kings,Kolkata Knight Riders,bat,0.5164835164835165,0.6035502958579881,1
2020/21,,Dubai International Cricket Stadium,Sunrisers Hyderabad,Kings XI Punjab,Sunrisers Hyderabad,bat,0.5309734513274337,0.4585635359116022,1
2020/21,,Sharjah Cricket Stadium,Delhi Capitals,Rajasthan Royals,Rajasthan Royals,field,0.6666666666666666,0.5133333333333333,1
2020/21,Abu Dhabi,Sheikh Zayed Stadium,Kolkata Knight Riders,Kings XI Punjab,Kolkata Knight Riders,bat,0.5191256830601093,0.45604395604395603,1
2020/21,,Dubai International Cricket Stadium,Royal Challengers Bangalore,Chennai Super Kings,Royal Challengers Bangalore,bat,0.47802197802197804,0.6,1
2020/21,,Dubai International Cricket Stadium,Sunrisers Hyderabad,Rajasthan Royals,Sunrisers Hyderabad,bat,0.5350877192982456,0.5099337748344371,0
2020/21,Abu Dhabi,Sheikh Zayed Stadium,Delhi Capitals,Mumbai Indians,Delhi Capitals,bat,0.6818181818181818,0.5854922279792746,0
2020/21,,Sharjah Cricket Stadium,Royal Challengers Bangalore,Kolkata Knight Riders,Royal Challengers Bangalore,bat,0.4808743169398907,0.5217391304347826,1
2020/21,,Dubai International Cricket Stadium,Chennai Super Kings,Sunrisers Hyderabad,Chennai Super Kings,bat,0.5964912280701754,0.5304347826086957,1
2020/21,,Dubai International Cricket Stadium,Delhi Capitals,Rajasthan Royals,Delhi Capitals,bat,0.6521739130434783,0.5131578947368421,1
2020/21,,Sharjah Cricket Stadium,Royal Challengers Bangalore,Kings XI Punjab,Royal Challengers Bangalore,bat,0.483695652173913,0.453551912568306,0
2020/21,Abu Dhabi,Sheikh Zayed Stadium,Kolkata Knight Riders,Mumbai Indians,Kolkata Knight Riders,bat,0.518918918918919,0.5876288659793815,0
2020/21,,Sharjah Cricket Stadium,Chennai Super Kings,Delhi Capitals,Chennai Super Kings,bat,0.5988372093023255,0.6666666666666666,0
2020/21,,Dubai International Cricket Stadium,Rajasthan Royals,Royal Challengers Bangalore,Rajasthan Royals,bat,0.5098039215686274,0.4810810810810811,0
2020/21,Abu Dhabi,Sheikh Zayed Stadium,Kolkata Knight Riders,Sunrisers Hyderabad,Sunrisers Hyderabad,field,0.5161290322580645,0.5258620689655172,1
2020/21,,Dubai International Cricket Stadium,Mumbai Indians,Kings XI Punjab,Mumbai Indians,bat,0.5897435897435898,0.45652173913043476,0
2020/21,Abu Dhabi,Sheikh Zayed Stadium,Chennai Super Kings,Rajasthan Royals,Chennai Super Kings,bat,0.5953757225433526,0.5064935064935064,0
2020/21,,Dubai International Cricket Stadium,Delhi Capitals,Kings XI Punjab,Delhi Capitals,bat,0.68,0.4594594594594595,0
2020/21,Abu Dhabi,Sheikh Zayed Stadium,Kolkata Knight Riders,Royal Challengers Bangalore,Kolkata Knight Riders,bat,0.5187165775401069,0.4838709677419355,0
2020/21,,Dubai International Cricket Stadium,Rajasthan Royals,Sunrisers Hyderabad,Sunrisers Hyderabad,field,0.5096774193548387,0.5213675213675214,0
2020/21,,Sharjah Cricket Stadium,Chennai Super Kings,Mumbai Indians,Mumbai Indians,field,0.5919540229885057,0.5867346938775511,0
2020/21,Abu Dhabi,Sheikh Zayed Stadium,Kolkata Knight Riders,Delhi Capitals,Delhi Capitals,field,0.5159574468085106,0.6538461538461539,1
2020/21,,Dubai International Cricket Stadium,Kings XI Punjab,Sunrisers Hyderabad,Sunrisers Hyderabad,field,0.46236559139784944,0.5254237288135594,1
2020/21,Abu Dhabi,Sheikh Zayed Stadium,Mumbai Indians,Rajasthan Royals,Mumbai Indians,bat,0.5888324873096447,0.5064102564102564,0
2020/21,,Dubai International Cricket Stadium,Royal Challengers Bangalore,Chennai Super Kings,Royal Challengers Bangalore,bat,0.48663101604278075,0.5885714285714285,0
2020/21,,Sharjah Cricket Stadium,Kolkata Knight Riders,Kings XI Punjab,Kings XI Punjab,field,0.5185185185185185,0.46524064171123,0
2020/21,,Dubai International Cricket Stadium,Sunrisers Hyderabad,Delhi Capitals,Delhi Capitals,field,0.5210084033613446,0.6296296296296297,1
2020/21,Abu Dhabi,Sheikh Zayed Stadium,Royal Challengers Bangalore,Mumbai Indians,Mumbai Indians,field,0.48404255319148937,0.5858585858585859,0
2020/21,,Dubai International Cricket Stadium,Kolkata Knight Riders,Chennai Super Kings,Chennai Super Kings,field,0.5157894736842106,0.5909090909090909,0
2020/21,Abu Dhabi,Sheikh Zayed Stadium,Kings XI Punjab,Rajasthan Royals,Rajasthan Royals,field,0.46808510638297873,0.5095541401273885,0
2020/21,,Sharjah Cricket Stadium,Royal Challengers Bangalore,Sunrisers Hyderabad,Sunrisers Hyderabad,field,0.48148148148148145,0.525,0
2020/21,,Dubai International Cricket Stadium,Delhi Capitals,Mumbai Indians,Mumbai Indians,field,0.6071428571428571,0.5879396984924623,0
2020/21,Abu Dhabi,Sheikh Zayed Stadium,Kings XI Punjab,Chennai Super Kings,Chennai Super Kings,field,0.4656084656084656,0.5932203389830508,0
2020/21,,Dubai International Cricket Stadium,Kolkata Knight Riders,Rajasthan Royals,Rajasthan Royals,field,0.5130890052356021,0.5126582278481012,1
2020/21,Abu Dhabi,Sheikh Zayed Stadium,Royal Challengers Bangalore,Delhi Capitals,Delhi Capitals,field,0.4789473684210526,0.5862068965517241,0
2020/21,,Sharjah Cricket Stadium,Mumbai Indians,Sunrisers Hyderabad,Sunrisers Hyderabad,field,0.59,0.5289256198347108,0
2020/21,,Dubai International Cricket Stadium,Mumbai Indians,Delhi Capitals,Delhi Capitals,field,0.5870646766169154,0.6,1
2020/21,Abu Dhabi,Sheikh Zayed Stadium,Royal Challengers Bangalore,Sunrisers Hyderabad,Sunrisers Hyderabad,field,0.47643979057591623,0.5327868852459017,0
2020/21,Abu Dhabi,Sheikh Zayed Stadium,Delhi Capitals,Sunrisers Hyderabad,Delhi Capitals,bat,0.5806451612903226,0.5365853658536586,1
2020/21,,Dubai International Cricket Stadium,Delhi Capitals,Mumbai Indians,Delhi Capitals,bat,0.59375,0.5891089108910891,0
2021,Chennai,"MA Chidambaram Stadium, Chepauk, Chennai",Mumbai Indians,Royal Challengers Bangalore,Royal Challengers Bangalore,field,0.5911330049261084,0.4739583333333333,0
2021,Mumbai,"Wankhede Stadium, Mumbai",Chennai Super Kings,Delhi Capitals,Delhi Capitals,field,0.5955056179775281,0.5757575757575758,0
2021,Chennai,"MA Chidambaram Stadium, Chepauk, Chennai",Kolkata Knight Riders,Sunrisers Hyderabad,Sunrisers Hyderabad,field,0.515625,0.532258064516129,1
2021,Mumbai,"Wankhede Stadium, Mumbai",Punjab Kings,Rajasthan Royals,Rajasthan Royals,field,0.0,0.5094339622641509,1
2021,Chennai,"MA Chidambaram Stadium, Chepauk, Chennai",Mumbai Indians,Kolkata Knight Riders,Kolkata Knight Riders,field,0.5882352941176471,0.5181347150259067,1
2021,Chennai,"MA Chidambaram Stadium, Chepauk, Chennai",Royal Challengers Bangalore,Sunrisers Hyderabad,Sunrisers Hyderabad,field,0.47668393782383417,0.528,1
2021,Mumbai,"Wankhede Stadium, Mumbai",Delhi Capitals,Rajasthan Royals,Rajasthan Royals,field,0.5882352941176471,0.50625,0
2021,Mumbai,"Wankhede Stadium, Mumbai",Punjab Kings,Chennai Super Kings,Chennai Super Kings,field,1.0,0.5921787709497207,0
2021,Chennai,"MA Chidambaram Stadium, Chepauk, Chennai",Mumbai Indians,Sunrisers Hyderabad,Mumbai Indians,bat,0.5902439024390244,0.5238095238095238,1
2021,Chennai,"MA Chidambaram Stadium, Chepauk, Chennai",Royal Challengers Bangalore,Kolkata Knight Riders,Royal Challengers Bangalore,bat,0.4793814432989691,0.5154639175257731,1
2021,Mumbai,"Wankhede Stadium, Mumbai",Punjab Kings,Delhi Capitals,Delhi Capitals,field,0.5,0.5714285714285714,0
2021,Mumbai,"Wankhede Stadium, Mumbai",Chennai Super Kings,Rajasthan Royals,Rajasthan Royals,field,0.5944444444444444,0.5093167701863354,1
2021,Chennai,"MA Chidambaram Stadium, Chepauk, Chennai",Mumbai Indians,Delhi Capitals,Mumbai Indians,bat,0.5922330097087378,0.5833333333333334,0
2021,Chennai,"MA Chidambaram Stadium, Chepauk, Chennai",Punjab Kings,Sunrisers Hyderabad,Punjab Kings,bat,0.3333333333333333,0.5196850393700787,0
2021,Mumbai,"Wankhede Stadium, Mumbai",Chennai Super Kings,Kolkata Knight Riders,Kolkata Knight Riders,field,0.5966850828729282,0.5128205128205128,1
2021,Mumbai,"Wankhede Stadium, Mumbai",Rajasthan Royals,Royal Challengers Bangalore,Royal Challengers Bangalore,field,0.5061728395061729,0.48205128205128206,0
2021,Chennai,"MA Chidambaram Stadium, Chepauk, Chennai",Mumbai Indians,Punjab Kings,Punjab Kings,field,0.5893719806763285,0.25,0
2021,Mumbai,"Wankhede Stadium, Mumbai",Kolkata Knight Riders,Rajasthan Royals,Rajasthan Royals,field,0.5102040816326531,0.5030674846625767,0
2021,Mumbai,"Wankhede Stadium, Mumbai",Chennai Super Kings,Royal Challengers Bangalore,Chennai Super Kings,bat,0.5989010989010989,0.4846938775510204,1
2021,Chennai,"MA Chidambaram Stadium, Chepauk, Chennai",Delhi Capitals,Sunrisers Hyderabad,Delhi Capitals,bat,0.5945945945945946,0.5234375,1
2021,Ahmedabad,"Narendra Modi Stadium, Ahmedabad",Punjab Kings,Kolkata Knight Riders,Kolkata Knight Riders,field,0.4,0.5076142131979695,0
2021,Ahmedabad,"Narendra Modi Stadium, Ahmedabad",Royal Challengers Bangalore,Delhi Capitals,Delhi Capitals,field,0.48223350253807107,0.6052631578947368,1
2021,Delhi,"Arun Jaitley Stadium, Delhi",Sunrisers Hyderabad,Chennai Super Kings,Sunrisers Hyderabad,bat,0.5193798449612403,0.6010928961748634,0
2021,Delhi,"Arun Jaitley Stadium, Delhi",Rajasthan Royals,Mumbai Indians,Mumbai Indians,field,0.5060975609756098,0.5865384615384616,0
2021,Ahmedabad,"Narendra Modi Stadium, Ahmedabad",Kolkata Knight Riders,Delhi Capitals,Delhi Capitals,field,0.51010101010101,0.5897435897435898,0
2021,Ahmedabad,"Narendra Modi Stadium, Ahmedabad",Punjab Kings,Royal Challengers Bangalore,Royal Challengers Bangalore,field,0.3333333333333333,0.48484848484848486,1
2021,Delhi,"Arun Jaitley Stadium, Delhi",Chennai Super Kings,Mumbai Indians,Mumbai Indians,field,0.6032608695652174,0.5885167464114832,0
2021,Delhi,"Arun Jaitley Stadium, Delhi",Rajasthan Royals,Sunrisers Hyderabad,Sunrisers Hyderabad,field,0.503030303030303,0.5153846153846153,1
2021,Ahmedabad,"Narendra Modi Stadium, Ahmedabad",Punjab Kings,Delhi Capitals,Delhi Capitals,field,0.42857142857142855,0.6,0
2021,Dubai,Dubai International Cricket Stadium,Chennai Super Kings,Mumbai Indians,Chennai Super Kings,bat,0.6,0.5904761904761905,1
2021,Abu Dhabi,"Zayed Cricket Stadium, Abu Dhabi",Royal Challengers Bangalore,Kolkata Knight Riders,Royal Challengers Bangalore,bat,0.4824120603015075,0.507537688442211,0
2021,Dubai,Dubai International Cricket Stadium,Rajasthan Royals,Punjab Kings,Punjab Kings,field,0.5060240963855421,0.375,1
2021,Dubai,Dubai International Cricket Stadium,Sunrisers Hyderabad,Delhi Capitals,Sunrisers Hyderabad,bat,0.5114503816793893,0.6097560975609756,0
2021,Abu Dhabi,"Zayed Cricket Stadium, Abu Dhabi",Mumbai Indians,Kolkata Knight Riders,Kolkata Knight Riders,field,0.5876777251184834,0.51,0
2021,Sharjah,Sharjah Cricket Stadium,Royal Challengers Bangalore,Chennai Super Kings,Chennai Super Kings,field,0.48,0.6021505376344086,0
2021,Abu Dhabi,"Zayed Cricket Stadium, Abu Dhabi",Delhi Capitals,Rajasthan Royals,Rajasthan Royals,field,0.6190476190476191,0.5089820359281437,1
2021,Sharjah,Sharjah Cricket Stadium,Punjab Kings,Sunrisers Hyderabad,Sunrisers Hyderabad,field,0.3333333333333333,0.5075757575757576,1
2021,Abu Dhabi,"Zayed Cricket Stadium, Abu Dhabi",Kolkata Knight Riders,Chennai Super Kings,Kolkata Knight Riders,bat,0.5124378109452736,0.6042780748663101,0
2021,Dubai,Dubai International Cricket Stadium,Royal Challengers Bangalore,Mumbai Indians,Mumbai Indians,field,0.47761194029850745,0.5849056603773585,1
2021,Dubai,Dubai International Cricket Stadium,Rajasthan Royals,Sunrisers Hyderabad,Rajasthan Royals,bat,0.5059523809523809,0.5037593984962406,0
2021,Sharjah,Sharjah Cricket Stadium,Delhi Capitals,Kolkata Knight Riders,Kolkata Knight Riders,field,0.627906976744186,0.5099009900990099,0
2021,Abu Dhabi,"Zayed Cricket Stadium, Abu Dhabi",Punjab Kings,Mumbai Indians,Mumbai Indians,field,0.4,0.5821596244131455,0
2021,Dubai,Dubai International Cricket Stadium,Rajasthan Royals,Royal Challengers Bangalore,Royal Challengers Bangalore,field,0.5029585798816568,0.4801980198019802,0
2021,Sharjah,Sharjah Cricket Stadium,Sunrisers Hyderabad,Chennai Super Kings,Chennai Super Kings,field,0.5074626865671642,0.6063829787234043,0
2021,Dubai,Dubai International Cricket Stadium,Kolkata Knight Riders,Punjab Kings,Punjab Kings,field,0.5123152709359606,0.36363636363636365,0
2021,Abu Dhabi,"Zayed Cricket Stadium, Abu Dhabi",Chennai Super Kings,Rajasthan Royals,Rajasthan Royals,field,0.6084656084656085,0.5,0
2021,Sharjah,Sharjah Cricket Stadium,Mumbai Indians,Delhi Capitals,Delhi Capitals,field,0.5841121495327103,0.6136363636363636,0
2021,Sharjah,Sharjah Cricket Stadium,Royal Challengers Bangalore,Punjab Kings,Royal Challengers Bangalore,bat,0.4827586206896552,0.4166666666666667,1
2021,Dubai,Dubai International Cricket Stadium,Sunrisers Hyderabad,Kolkata Knight Riders,Sunrisers Hyderabad,bat,0.5037037037037037,0.5098039215686274,0
2021,Dubai,Dubai International Cricket Stadium,Chennai Super Kings,Delhi Capitals,Delhi Capitals,field,0.6052631578947368,0.6222222222222222,0
2021,Sharjah,Sharjah Cricket Stadium,Rajasthan Royals,Mumbai Indians,Mumbai Indians,field,0.5029239766081871,0.5813953488372093,0
2021,Abu Dhabi,"Zayed Cricket Stadium, Abu Dhabi",Sunrisers Hyderabad,Royal Challengers Bangalore,Royal Challengers Bangalore,field,0.5,0.4852941176470588,1
2021,Dubai,Dubai International Cricket Stadium,Chennai Super Kings,Punjab Kings,Punjab Kings,field,0.6020942408376964,0.38461538461538464,0
2021,Sharjah,Sharjah Cricket Stadium,Kolkata Knight Riders,Rajasthan Royals,Rajasthan Royals,field,0.5121951219512195,0.5,1
2021,Abu Dhabi,"Zayed Cricket Stadium, Abu Dhabi",Mumbai Indians,Sunrisers Hyderabad,Mumbai Indians,bat,0.5833333333333334,0.5036496350364964,1
2021,Dubai,Dubai International Cricket Stadium,Delhi Capitals,Royal Challengers Bangalore,Royal Challengers Bangalore,field,0.6304347826086957,0.48292682926829267,0
2021,Dubai,Dubai International Cricket Stadium,Delhi Capitals,Chennai Super Kings,Chennai Super Kings,field,0.6170212765957447,0.5989583333333334,0
2021,Sharjah,Sharjah Cricket Stadium,Royal Challengers Bangalore,Kolkata Knight Riders,Royal Challengers Bangalore,bat,0.4854368932038835,0.5145631067961165,0
2021,Sharjah,Sharjah Cricket Stadium,Delhi Capitals,Kolkata Knight Riders,Kolkata Knight Riders,field,0.6041666666666666,0.5169082125603864,0
2021,Dubai,Dubai International Cricket Stadium,Chennai Super Kings,Kolkata Knight Riders,Kolkata Knight Riders,field,0.6010362694300518,0.5192307692307693,1
2022,Mumbai,"Wankhede Stadium, Mumbai",Chennai Super Kings,Kolkata Knight Riders,Kolkata Knight Riders,field,0.6030927835051546,0.5167464114832536,0
2022,Mumbai,"Brabourne Stadium, Mumbai",Mumbai Indians,Delhi Capitals,Delhi Capitals,field,0.5852534562211982,0.5918367346938775,0
2022,Mumbai,"Dr DY Patil Sports Academy, Mumbai",Royal Challengers Bangalore,Punjab Kings,Punjab Kings,field,0.4830917874396135,0.42857142857142855,0
2022,Mumbai,"Wankhede Stadium, Mumbai",Lucknow Super Giants,Gujarat Titans,Gujarat Titans,field,0.0,0.0,0
2022,Pune,"Maharashtra Cricket Association Stadium, Pune",Rajasthan Royals,Sunrisers Hyderabad,Sunrisers Hyderabad,field,0.49710982658959535,0.5,1
2022,Mumbai,"Dr DY Patil Sports Academy, Mumbai",Kolkata Knight Riders,Royal Challengers Bangalore,Royal Challengers Bangalore,field,0.5190476190476191,0.4807692307692308,0
2022,Mumbai,"Brabourne Stadium, Mumbai",Chennai Super Kings,Lucknow Super Giants,Lucknow Super Giants,field,0.6,0.0,0
2022,Mumbai,"Wankhede Stadium, Mumbai",Punjab Kings,Kolkata Knight Riders,Kolkata Knight Riders,field,0.4666666666666667,0.5165876777251185,0
2022,Mumbai,"Dr DY Patil Sports Academy, Mumbai",Rajasthan Royals,Mumbai Indians,Mumbai Indians,field,0.5,0.5825688073394495,1
2022,Pune,"Maharashtra Cricket Association Stadium, Pune",Gujarat Titans,Delhi Capitals,Delhi Capitals,field,1.0,0.6,1
2022,Mumbai,"Brabourne Stadium, Mumbai",Punjab Kings,Chennai Super Kings,Chennai Super Kings,field,0.4375,0.5969387755102041,1
2022,Mumbai,"Dr DY Patil Sports Academy, Mumbai",Lucknow Super Giants,Sunrisers Hyderabad,Sunrisers Hyderabad,field,0.5,0.49640287769784175,1
2022,Mumbai,"Wankhede Stadium, Mumbai",Rajasthan Royals,Royal Challengers Bangalore,Royal Challengers Bangalore,field,0.5028571428571429,0.48325358851674644,0
2022,Pune,"Maharashtra Cricket Association Stadium, Pune",Mumbai Indians,Kolkata Knight Riders,Kolkata Knight Riders,field,0.5799086757990868,0.5188679245283019,0
2022,Mumbai,"Dr DY Patil Sports Academy, Mumbai",Delhi Capitals,Lucknow Super Giants,Lucknow Super Giants,field,0.5882352941176471,0.6666666666666666,0
2022,Mumbai,"Brabourne Stadium, Mumbai",Punjab Kings,Gujarat Titans,Gujarat Titans,field,0.47058823529411764,1.0,0
2022,Mumbai,"Dr DY Patil Sports Academy, Mumbai",Chennai Super Kings,Sunrisers Hyderabad,Sunrisers Hyderabad,field,0.5939086294416244,0.4928571428571429,0
2022,Pune,"Maharashtra Cricket Association Stadium, Pune",Mumbai Indians,Royal Challengers Bangalore,Royal Challengers Bangalore,field,0.5772727272727273,0.4857142857142857,0
2022,Mumbai,"Brabourne Stadium, Mumbai",Delhi Capitals,Kolkata Knight Riders,Kolkata Knight Riders,field,0.5769230769230769,0.5211267605633803,1
2022,Mumbai,"Wankhede Stadium, Mumbai",Rajasthan Royals,Lucknow Super Giants,Lucknow Super Giants,field,0.5,0.75,1
2022,Mumbai,"Dr DY Patil Sports Academy, Mumbai",Gujarat Titans,Sunrisers Hyderabad,Sunrisers Hyderabad,field,1.0,0.49645390070921985,0
2022,Mumbai,"Dr DY Patil Sports Academy, Mumbai",Chennai Super Kings,Royal Challengers Bangalore,Royal Challengers Bangalore,field,0.5909090909090909,0.4881516587677725,1
2022,Pune,"Maharashtra Cricket Association Stadium, Pune",Punjab Kings,Mumbai Indians,Mumbai Indians,field,0.4444444444444444,0.5746606334841629,1
2022,Mumbai,"Dr DY Patil Sports Academy, Mumbai",Gujarat Titans,Rajasthan Royals,Rajasthan Royals,field,0.75,0.5028248587570622,1
2022,Mumbai,"Brabourne Stadium, Mumbai",Kolkata Knight Riders,Sunrisers Hyderabad,Sunrisers Hyderabad,field,0.5186915887850467,0.5,0
2022,Mumbai,"Brabourne Stadium, Mumbai",Lucknow Super Giants,Mumbai Indians,Mumbai Indians,field,0.6,0.5720720720720721,1
2022,Mumbai,"Wankhede Stadium, Mumbai",Royal Challengers Bangalore,Delhi Capitals,Delhi Capitals,field,0.4858490566037736,0.5849056603773585,1
2022,Mumbai,"Dr DY Patil Sports Academy, Mumbai",Punjab Kings,Sunrisers Hyderabad,Sunrisers Hyderabad,field,0.47368421052631576,0.5034965034965035,0
2022,Pune,"Maharashtra Cricket Association Stadium, Pune",Chennai Super Kings,Gujarat Titans,Gujarat Titans,field,0.592964824120603,0.8,0
2022,Mumbai,"Brabourne Stadium, Mumbai",Rajasthan Royals,Kolkata Knight Riders,Kolkata Knight Riders,field,0.5,0.5162790697674419,1
2022,Mumbai,"Dr DY Patil Sports Academy, Mumbai",Royal Challengers Bangalore,Lucknow Super Giants,Lucknow Super Giants,field,0.48826291079812206,0.6666666666666666,1
2022,Mumbai,"Brabourne Stadium, Mumbai",Punjab Kings,Delhi Capitals,Delhi Capitals,field,0.45,0.5740740740740741,0
2022,Navi Mumbai,"Dr DY Patil Sports Academy, Mumbai",Mumbai Indians,Chennai Super Kings,Chennai Super Kings,field,0.5695067264573991,0.59,0
2022,Mumbai,"Wankhede Stadium, Mumbai",Rajasthan Royals,Delhi Capitals,Delhi Capitals,field,0.5027932960893855,0.5818181818181818,1
2022,Navi Mumbai,"Dr DY Patil Sports Academy, Mumbai",Gujarat Titans,Kolkata Knight Riders,Gujarat Titans,bat,0.8333333333333334,0.5138888888888888,1
2022,Mumbai,"Brabourne Stadium, Mumbai",Royal Challengers Bangalore,Sunrisers Hyderabad,Sunrisers Hyderabad,field,0.49065420560747663,0.5069444444444444,0
2022,Mumbai,"Wankhede Stadium, Mumbai",Lucknow Super Giants,Mumbai Indians,Mumbai Indians,field,0.5714285714285714,0.5669642857142857,1
2022,Mumbai,"Wankhede Stadium, Mumbai",Punjab Kings,Chennai Super Kings,Chennai Super Kings,field,0.42857142857142855,0.5920398009950248,1
2022,Pune,"Maharashtra Cricket Association Stadium, Pune",Rajasthan Royals,Royal Challengers Bangalore,Royal Challengers Bangalore,field,0.5055555555555555,0.4883720930232558,1
2022,Mumbai,"Wankhede Stadium, Mumbai",Sunrisers Hyderabad,Gujarat Titans,Gujarat Titans,field,0.5103448275862069,0.8571428571428571,0
2022,Mumbai,"Wankhede Stadium, Mumbai",Kolkata Knight Riders,Delhi Capitals,Delhi Capitals,field,0.511520737327189,0.5714285714285714,0
2022,Pune,"Maharashtra Cricket Association Stadium, Pune",Lucknow Super Giants,Punjab Kings,Punjab Kings,field,0.625,0.45454545454545453,1
2022,Mumbai,"Brabourne Stadium, Mumbai",Royal Challengers Bangalore,Gujarat Titans,Royal Challengers Bangalore,bat,0.4861111111111111,0.875,0
2022,Navi Mumbai,"Dr DY Patil Sports Academy, Mumbai",Rajasthan Royals,Mumbai Indians,Mumbai Indians,field,0.5082872928176796,0.5644444444444444,0
2022,Mumbai,"Wankhede Stadium, Mumbai",Lucknow Super Giants,Delhi Capitals,Lucknow Super Giants,bat,0.6666666666666666,0.5789473684210527,1
2022,Pune,"Maharashtra Cricket Association Stadium, Pune",Chennai Super Kings,Sunrisers Hyderabad,Sunrisers Hyderabad,field,0.5891089108910891,0.5068493150684932,1
2022,Mumbai,"Wankhede Stadium, Mumbai",Rajasthan Royals,Kolkata Knight Riders,Kolkata Knight Riders,field,0.5054945054945055,0.5091743119266054,0
2022,Navi Mumbai,"Dr DY Patil Sports Academy, Mumbai",Gujarat Titans,Punjab Kings,Gujarat Titans,bat,0.8888888888888888,0.43478260869565216,0
2022,Pune,"Maharashtra Cricket Association Stadium, Pune",Royal Challengers Bangalore,Chennai Super Kings,Chennai Super Kings,field,0.4838709677419355,0.5911330049261084,1
2022,Mumbai,"Brabourne Stadium, Mumbai",Delhi Capitals,Sunrisers Hyderabad,Sunrisers Hyderabad,field,0.5689655172413793,0.5034013605442177,1
2022,Mumbai,"Brabourne Stadium, Mumbai",Mumbai Indians,Gujarat Titans,Gujarat Titans,field,0.5663716814159292,0.8,1
2022,Mumbai,"Wankhede Stadium, Mumbai",Punjab Kings,Rajasthan Royals,Punjab Kings,bat,0.4583333333333333,0.5027322404371585,0
2022,Pune,"Maharashtra Cricket Association Stadium, Pune",Lucknow Super Giants,Kolkata Knight Riders,Kolkata Knight Riders,field,0.7,0.5114155251141552,1
2022,Mumbai,"Wankhede Stadium, Mumbai",Royal Challengers Bangalore,Sunrisers Hyderabad,Royal Challengers Bangalore,bat,0.48623853211009177,0.5,1
2022,Navi Mumbai,"Dr DY Patil Sports Academy, Mumbai",Chennai Super Kings,Delhi Capitals,Delhi Capitals,field,0.5882352941176471,0.576271186440678,1
2022,Navi Mumbai,"Dr DY Patil Sports Academy, Mumbai",Kolkata Knight Riders,Mumbai Indians,Mumbai Indians,field,0.509090909090909,0.5682819383259912,1
2022,Pune,"Maharashtra Cricket Association Stadium, Pune",Gujarat Titans,Lucknow Super Giants,Gujarat Titans,bat,0.7272727272727273,0.7272727272727273,1
2022,Navi Mumbai,"Dr DY Patil Sports Academy, Mumbai",Rajasthan Royals,Delhi Capitals,Delhi Capitals,field,0.5054347826086957,0.5666666666666667,0
2022,Mumbai,"Wankhede Stadium, Mumbai",Chennai Super Kings,Mumbai Indians,Mumbai Indians,field,0.5902439024390244,0.5657894736842105,0
2022,Mumbai,"Brabourne Stadium, Mumbai",Punjab Kings,Royal Challengers Bangalore,Royal Challengers Bangalore,field,0.44,0.4885844748858447,1
2022,Pune,"Maharashtra Cricket Association Stadium, Pune",Kolkata Knight Riders,Sunrisers Hyderabad,Kolkata Knight Riders,bat,0.5113122171945701,0.4966442953020134,1
2022,Mumbai,"Wankhede Stadium, Mumbai",Chennai Super Kings,Gujarat Titans,Chennai Super Kings,bat,0.587378640776699,0.75,0
2022,Mumbai,"Brabourne Stadium, Mumbai",Rajasthan Royals,Lucknow Super Giants,Rajasthan Royals,bat,0.5027027027027027,0.6666666666666666,1
2022,Navi Mumbai,"Dr DY Patil Sports Academy, Mumbai",Delhi Capitals,Punjab Kings,Punjab Kings,field,0.5737704918032787,0.46153846153846156,1
2022,Mumbai,"Wankhede Stadium, Mumbai",Sunrisers Hyderabad,Mumbai Indians,Mumbai Indians,field,0.49333333333333335,0.5676855895196506,1
2022,Navi Mumbai,"Dr DY Patil Sports Academy, Mumbai",Lucknow Super Giants,Kolkata Knight Riders,Lucknow Super Giants,bat,0.6153846153846154,0.5135135135135135,1
2022,Mumbai,"Wankhede Stadium, Mumbai",Gujarat Titans,Royal Challengers Bangalore,Gujarat Titans,bat,0.7692307692307693,0.4863636363636364,0
2022,Mumbai,"Brabourne Stadium, Mumbai",Chennai Super Kings,Rajasthan Royals,Chennai Super Kings,bat,0.5845410628019324,0.5053763440860215,0
2022,Mumbai,"Wankhede Stadium, Mumbai",Delhi Capitals,Mumbai Indians,Mumbai Indians,field,0.5806451612903226,0.5652173913043478,0
2022,Mumbai,"Wankhede Stadium, Mumbai",Sunrisers Hyderabad,Punjab Kings,Sunrisers Hyderabad,bat,0.4966887417218543,0.4444444444444444,0
2022,Kolkata,"Eden Gardens, Kolkata",Rajasthan Royals,Gujarat Titans,Gujarat Titans,field,0.5080213903743316,0.7142857142857143,0
2022,Kolkata,"Eden Gardens, Kolkata",Royal Challengers Bangalore,Lucknow Super Giants,Lucknow Super Giants,field,0.48868778280542985,0.6428571428571429,1
2022,Ahmedabad,"Narendra Modi Stadium, Ahmedabad",Royal Challengers Bangalore,Rajasthan Royals,Rajasthan Royals,field,0.49099099099099097,0.5053191489361702,0
2022,Ahmedabad,"Narendra Modi Stadium, Ahmedabad",Rajasthan Royals,Gujarat Titans,Rajasthan Royals,bat,0.5079365079365079,0.7333333333333333,0
2023,Ahmedabad,"Narendra Modi Stadium, Ahmedabad",Chennai Super Kings,Gujarat Titans,Gujarat Titans,field,0.5817307692307693,0.75,0
2023,Chandigarh,"Punjab Cricket Association IS Bindra Stadium, Mohali, Chandigarh",Punjab Kings,Kolkata Knight Riders,Kolkata Knight Riders,field,0.4642857142857143,0.5112107623318386,1
2023,Lucknow,"Bharat Ratna Shri Atal Bihari Vajpayee Ekana Cricket Stadium, Lucknow",Lucknow Super Giants,Delhi Capitals,Delhi Capitals,field,0.6,0.5714285714285714,1
2023,Hyderabad,"Rajiv Gandhi International Stadium, Uppal, Hyderabad",Rajasthan Royals,Sunrisers Hyderabad,Sunrisers Hyderabad,field,0.5052631578947369,0.4934210526315789,1
2023,Bengaluru,"M Chinnaswamy Stadium, Bengaluru",Mumbai Indians,Royal Challengers Bangalore,Royal Challengers Bangalore,field,0.5670995670995671,0.48878923766816146,0
2023,Chennai,"MA Chidambaram Stadium, Chepauk, Chennai",Chennai Super Kings,Lucknow Super Giants,Lucknow Super Giants,field,0.5789473684210527,0.625,1
2023,Delhi,"Arun Jaitley Stadium, Delhi",Delhi Capitals,Gujarat Titans,Gujarat Titans,field,0.5625,0.7647058823529411,0
2023,Guwahati,"Barsapara Cricket Stadium, Guwahati",Punjab Kings,Rajasthan Royals,Rajasthan Royals,field,0.4827586206896552,0.5078534031413613,1
2023,Kolkata,"Eden Gardens, Kolkata",Kolkata Knight Riders,Royal Challengers Bangalore,Royal Challengers Bangalore,field,0.5089285714285714,0.49107142857142855,1
2023,Lucknow,"Bharat Ratna Shri Atal Bihari Vajpayee Ekana Cricket Stadium, Lucknow",Sunrisers Hyderabad,Lucknow Super Giants,Sunrisers Hyderabad,bat,0.49019607843137253,0.5882352941176471,0
2023,Guwahati,"Barsapara Cricket Stadium, Guwahati",Rajasthan Royals,Delhi Capitals,Delhi Capitals,field,0.5052083333333334,0.5538461538461539,1
2023,Mumbai,"Wankhede Stadium, Mumbai",Mumbai Indians,Chennai Super Kings,Chennai Super Kings,field,0.5646551724137931,0.580952380952381,0
2023,Ahmedabad,"Narendra Modi Stadium, Ahmedabad",Gujarat Titans,Kolkata Knight Riders,Gujarat Titans,bat,0.7777777777777778,0.5111111111111111,0
2023,Hyderabad,"Rajiv Gandhi International Stadium, Uppal, Hyderabad",Punjab Kings,Sunrisers Hyderabad,Sunrisers Hyderabad,field,0.5,0.487012987012987,0
2023,Bengaluru,"M Chinnaswamy Stadium, Bengaluru",Royal Challengers Bangalore,Lucknow Super Giants,Lucknow Super Giants,field,0.4888888888888889,0.6111111111111112,0
2023,Delhi,"Arun Jaitley Stadium, Delhi",Delhi Capitals,Mumbai Indians,Mumbai Indians,field,0.5454545454545454,0.5622317596566524,0
2023,Chennai,"MA Chidambaram Stadium, Chepauk, Chennai",Rajasthan Royals,Chennai Super Kings,Chennai Super Kings,field,0.5077720207253886,0.5829383886255924,1
2023,Chandigarh,"Punjab Cricket Association IS Bindra Stadium, Mohali, Chandigarh",Punjab Kings,Gujarat Titans,Gujarat Titans,field,0.4838709677419355,0.7368421052631579,0
2023,Kolkata,"Eden Gardens, Kolkata",Sunrisers Hyderabad,Kolkata Knight Riders,Kolkata Knight Riders,field,0.49032258064516127,0.5132743362831859,1
2023,Bengaluru,"M Chinnaswamy Stadium, Bengaluru",Royal Challengers Bangalore,Delhi Capitals,Delhi Capitals,field,0.48672566371681414,0.5373134328358209,1
2023,Lucknow,"Bharat Ratna Shri Atal Bihari Vajpayee Ekana Cricket Stadium, Lucknow",Lucknow Super Giants,Punjab Kings,Punjab Kings,field,0.631578947368421,0.46875,0
2023,Mumbai,"Wankhede Stadium, Mumbai",Kolkata Knight Riders,Mumbai Indians,Mumbai Indians,field,0.5110132158590308,0.5641025641025641,0
2023,Ahmedabad,"Narendra Modi Stadium, Ahmedabad",Gujarat Titans,Rajasthan Royals,Rajasthan Royals,field,0.75,0.5103092783505154,0
2023,Bengaluru,"M Chinnaswamy Stadium, Bengaluru",Chennai Super Kings,Royal Challengers Bangalore,Royal Challengers Bangalore,field,0.5801886792452831,0.4889867841409692,1
2023,Hyderabad,"Rajiv Gandhi International Stadium, Uppal, Hyderabad",Mumbai Indians,Sunrisers Hyderabad,Sunrisers Hyderabad,field,0.5659574468085107,0.4935897435897436,1
2023,Jaipur,"Sawai Mansingh Stadium, Jaipur",Lucknow Super Giants,Rajasthan Royals,Rajasthan Royals,field,0.6,0.5128205128205128,1
2023,Chandigarh,"Punjab Cricket Association IS Bindra Stadium, Mohali, Chandigarh",Royal Challengers Bangalore,Punjab Kings,Punjab Kings,field,0.4868421052631579,0.48484848484848486,1
2023,Delhi,"Arun Jaitley Stadium, Delhi",Kolkata Knight Riders,Delhi Capitals,Delhi Capitals,field,0.5087719298245614,0.5294117647058824,0
2023,Chennai,"MA Chidambaram Stadium, Chepauk, Chennai",Sunrisers Hyderabad,Chennai Super Kings,Chennai Super Kings,field,0.49044585987261147,0.5821596244131455,0
2023,Lucknow,"Bharat Ratna Shri Atal Bihari Vajpayee Ekana Cricket Stadium, Lucknow",Gujarat Titans,Lucknow Super Giants,Gujarat Titans,bat,0.7142857142857143,0.6190476190476191,1
2023,Mumbai,"Wankhede Stadium, Mumbai",Punjab Kings,Mumbai Indians,Mumbai Indians,field,0.47058823529411764,0.5677966101694916,1
2023,Bengaluru,"M Chinnaswamy Stadium, Bengaluru",Royal Challengers Bangalore,Rajasthan Royals,Rajasthan Royals,field,0.4890829694323144,0.5102040816326531,1
2023,Kolkata,"Eden Gardens, Kolkata",Chennai Super Kings,Kolkata Knight Riders,Kolkata Knight Riders,field,0.5841121495327103,0.5065502183406113,1
2023,Hyderabad,"Rajiv Gandhi International Stadium, Uppal, Hyderabad",Delhi Capitals,Sunrisers Hyderabad,Delhi Capitals,bat,0.5362318840579711,0.4873417721518987,1
2023,Ahmedabad,"Narendra Modi Stadium, Ahmedabad",Gujarat Titans,Mumbai Indians,Mumbai Indians,field,0.7272727272727273,0.5654008438818565,1
2023,Bengaluru,"M Chinnaswamy Stadium, Bengaluru",Kolkata Knight Riders,Royal Challengers Bangalore,Royal Challengers Bangalore,field,0.5043478260869565,0.49130434782608695,1
2023,Jaipur,"Sawai Mansingh Stadium, Jaipur",Rajasthan Royals,Chennai Super Kings,Rajasthan Royals,bat,0.5076142131979695,0.586046511627907,1
2023,Chandigarh,"Punjab Cricket Association IS Bindra Stadium, Mohali, Chandigarh",Lucknow Super Giants,Punjab Kings,Punjab Kings,field,0.5909090909090909,0.4857142857142857,1
2023,Kolkata,"Eden Gardens, Kolkata",Kolkata Knight Riders,Gujarat Titans,Gujarat Titans,field,0.5064935064935064,0.7391304347826086,0
2023,Delhi,"Arun Jaitley Stadium, Delhi",Sunrisers Hyderabad,Delhi Capitals,Sunrisers Hyderabad,bat,0.48427672955974843,0.5428571428571428,1
2023,Mumbai,"Wankhede Stadium, Mumbai",Rajasthan Royals,Mumbai Indians,Rajasthan Royals,bat,0.51010101010101,0.5630252100840336,0
2023,Chennai,"MA Chidambaram Stadium, Chepauk, Chennai",Chennai Super Kings,Punjab Kings,Chennai Super Kings,bat,0.5833333333333334,0.4722222222222222,0
2023,Lucknow,"Bharat Ratna Shri Atal Bihari Vajpayee Ekana Cricket Stadium, Lucknow",Royal Challengers Bangalore,Lucknow Super Giants,Royal Challengers Bangalore,bat,0.48917748917748916,0.6086956521739131,1
2023,Ahmedabad,"Narendra Modi Stadium, Ahmedabad",Delhi Capitals,Gujarat Titans,Delhi Capitals,bat,0.5352112676056338,0.75,1
2023,Chandigarh,"Punjab Cricket Association IS Bindra Stadium, Mohali, Chandigarh",Punjab Kings,Mumbai Indians,Mumbai Indians,field,0.4864864864864865,0.5648535564853556,0
2023,Hyderabad,"Rajiv Gandhi International Stadium, Uppal, Hyderabad",Kolkata Knight Riders,Sunrisers Hyderabad,Kolkata Knight Riders,bat,0.5043103448275862,0.4875,1
2023,Jaipur,"Sawai Mansingh Stadium, Jaipur",Rajasthan Royals,Gujarat Titans,Rajasthan Royals,bat,0.507537688442211,0.72,0
2023,Chennai,"MA Chidambaram Stadium, Chepauk, Chennai",Mumbai Indians,Chennai Super Kings,Chennai Super Kings,field,0.5666666666666667,0.5806451612903226,0
2023,Delhi,"Arun Jaitley Stadium, Delhi",Royal Challengers Bangalore,Delhi Capitals,Royal Challengers Bangalore,bat,0.49137931034482757,0.5416666666666666,0
2023,Ahmedabad,"Narendra Modi Stadium, Ahmedabad",Gujarat Titans,Lucknow Super Giants,Lucknow Super Giants,field,0.7307692307692307,0.5833333333333334,1
2023,Jaipur,"Sawai Mansingh Stadium, Jaipur",Rajasthan Royals,Sunrisers Hyderabad,Rajasthan Royals,bat,0.505,0.484472049689441,0
2023,Kolkata,"Eden Gardens, Kolkata",Punjab Kings,Kolkata Knight Riders,Punjab Kings,bat,0.47368421052631576,0.5064377682403434,0
2023,Mumbai,"Wankhede Stadium, Mumbai",Royal Challengers Bangalore,Mumbai Indians,Mumbai Indians,field,0.4892703862660944,0.5643153526970954,0
2023,Chennai,"MA Chidambaram Stadium, Chepauk, Chennai",Chennai Super Kings,Delhi Capitals,Chennai Super Kings,bat,0.5825688073394495,0.547945205479452,1
2023,Kolkata,"Eden Gardens, Kolkata",Kolkata Knight Riders,Rajasthan Royals,Rajasthan Royals,field,0.5085470085470085,0.5024875621890548,0
2023,Mumbai,"Wankhede Stadium, Mumbai",Mumbai Indians,Gujarat Titans,Gujarat Titans,field,0.5661157024793388,0.7407407407407407,1
2023,Delhi,"Arun Jaitley Stadium, Delhi",Punjab Kings,Delhi Capitals,Delhi Capitals,field,0.46153846153846156,0.5405405405405406,1
2023,Hyderabad,"Rajiv Gandhi International Stadium, Uppal, Hyderabad",Sunrisers Hyderabad,Lucknow Super Giants,Sunrisers Hyderabad,bat,0.4876543209876543,0.56,0
2023,Jaipur,"Sawai Mansingh Stadium, Jaipur",Royal Challengers Bangalore,Rajasthan Royals,Royal Challengers Bangalore,bat,0.48717948717948717,0.504950495049505,1
2023,Chennai,"MA Chidambaram Stadium, Chepauk, Chennai",Chennai Super Kings,Kolkata Knight Riders,Chennai Super Kings,bat,0.5844748858447488,0.5063829787234042,0
2023,Ahmedabad,"Narendra Modi Stadium, Ahmedabad",Gujarat Titans,Sunrisers Hyderabad,Sunrisers Hyderabad,field,0.7142857142857143,0.48466257668711654,1
2023,Lucknow,"Bharat Ratna Shri Atal Bihari Vajpayee Ekana Cricket Stadium, Lucknow",Lucknow Super Giants,Mumbai Indians,Mumbai Indians,field,0.5769230769230769,0.5679012345679012,1
2023,Dharamsala,"Himachal Pradesh Cricket Association Stadium, Dharamsala",Delhi Capitals,Punjab Kings,Punjab Kings,field,0.5333333333333333,0.475,1
2023,Hyderabad,"Rajiv Gandhi International Stadium, Uppal, Hyderabad",Sunrisers Hyderabad,Royal Challengers Bangalore,Royal Challengers Bangalore,field,0.4817073170731707,0.48936170212765956,0
2023,Dharamsala,"Himachal Pradesh Cricket Association Stadium, Dharamsala",Punjab Kings,Rajasthan Royals,Rajasthan Royals,field,0.4634146341463415,0.5024630541871922,0
2023,Delhi,"Arun Jaitley Stadium, Delhi",Chennai Super Kings,Delhi Capitals,Chennai Super Kings,bat,0.5818181818181818,0.5394736842105263,1
2023,Kolkata,"Eden Gardens, Kolkata",Lucknow Super Giants,Kolkata Knight Riders,Kolkata Knight Riders,field,0.5925925925925926,0.5084745762711864,1
2023,Mumbai,"Wankhede Stadium, Mumbai",Sunrisers Hyderabad,Mumbai Indians,Mumbai Indians,field,0.47878787878787876,0.5655737704918032,0
2023,Bengaluru,"M Chinnaswamy Stadium, Bengaluru",Royal Challengers Bangalore,Gujarat Titans,Gujarat Titans,field,0.4915254237288136,0.7241379310344828,0
2023,Chennai,"MA Chidambaram Stadium, Chepauk, Chennai",Chennai Super Kings,Gujarat Titans,Gujarat Titans,field,0.583710407239819,0.7333333333333333,1
2023,Chennai,"MA Chidambaram Stadium, Chepauk, Chennai",Mumbai Indians,Lucknow Super Giants,Mumbai Indians,bat,0.5673469387755102,0.6071428571428571,1
2023,Ahmedabad,"Narendra Modi Stadium, Ahmedabad",Gujarat Titans,Mumbai Indians,Mumbai Indians,field,0.7096774193548387,0.5691056910569106,1
2023,Ahmedabad,"Narendra Modi Stadium, Ahmedabad",Gujarat Titans,Chennai Super Kings,Chennai Super Kings,field,0.71875,0.5855855855855856,0
2024,Chennai,"MA Chidambaram Stadium, Chepauk, Chennai",Royal Challengers Bengaluru,Chennai Super Kings,Royal Challengers Bengaluru,bat,0.0,0.5874439461883408,0
2024,Kolkata,"Eden Gardens, Kolkata",Kolkata Knight Riders,Sunrisers Hyderabad,Sunrisers Hyderabad,field,0.5063291139240507,0.4759036144578313,1
2024,Mohali,"Maharaja Yadavindra Singh International Cricket Stadium, Mullanpur",Delhi Capitals,Punjab Kings,Punjab Kings,field,0.5324675324675324,0.4523809523809524,0
2024,Jaipur,"Sawai Mansingh Stadium, Jaipur",Rajasthan Royals,Lucknow Super Giants,Rajasthan Royals,bat,0.5049019607843137,0.5862068965517241,1
2024,Ahmedabad,"Narendra Modi Stadium, Ahmedabad",Gujarat Titans,Mumbai Indians,Mumbai Indians,field,0.696969696969697,0.5668016194331984,1
2024,Bengaluru,"M Chinnaswamy Stadium, Bengaluru",Punjab Kings,Royal Challengers Bengaluru,Royal Challengers Bengaluru,field,0.46511627906976744,0.0,0
2024,Chennai,"MA Chidambaram Stadium, Chepauk, Chennai",Chennai Super Kings,Gujarat Titans,Gujarat Titans,field,0.5892857142857143,0.7058823529411765,1
2024,Hyderabad,"Rajiv Gandhi International Stadium, Uppal, Hyderabad",Sunrisers Hyderabad,Mumbai Indians,Mumbai Indians,field,0.47305389221556887,0.5645161290322581,1
2024,Jaipur,"Sawai Mansingh Stadium, Jaipur",Rajasthan Royals,Delhi Capitals,Delhi Capitals,field,0.5073170731707317,0.5256410256410257,1
2024,Bengaluru,"M Chinnaswamy Stadium, Bengaluru",Royal Challengers Bengaluru,Kolkata Knight Riders,Kolkata Knight Riders,field,0.5,0.5084033613445378,0
2024,Lucknow,"Bharat Ratna Shri Atal Bihari Vajpayee Ekana Cricket Stadium, Lucknow",Lucknow Super Giants,Punjab Kings,Lucknow Super Giants,bat,0.5666666666666667,0.45454545454545453,1
2024,Ahmedabad,"Narendra Modi Stadium, Ahmedabad",Sunrisers Hyderabad,Gujarat Titans,Sunrisers Hyderabad,bat,0.47619047619047616,0.6857142857142857,0
2024,Visakhapatnam,"Dr. Y.S. Rajasekhara Reddy ACA-VDCA Cricket Stadium, Visakhapatnam",Delhi Capitals,Chennai Super Kings,Delhi Capitals,bat,0.5189873417721519,0.5911111111111111,1
2024,Mumbai,"Wankhede Stadium, Mumbai",Mumbai Indians,Rajasthan Royals,Rajasthan Royals,field,0.5622489959839357,0.5097087378640777,0
2024,Bengaluru,"M Chinnaswamy Stadium, Bengaluru",Lucknow Super Giants,Royal Challengers Bengaluru,Royal Challengers Bengaluru,field,0.5806451612903226,0.3333333333333333,1
2024,Visakhapatnam,"Dr. Y.S. Rajasekhara Reddy ACA-VDCA Cricket Stadium, Visakhapatnam",Kolkata Knight Riders,Delhi Capitals,Kolkata Knight Riders,bat,0.5104602510460251,0.525,1
2024,Ahmedabad,"Narendra Modi Stadium, Ahmedabad",Gujarat Titans,Punjab Kings,Punjab Kings,field,0.6944444444444444,0.4444444444444444,0
2024,Hyderabad,"Rajiv Gandhi International Stadium, Uppal, Hyderabad",Chennai Super Kings,Sunrisers Hyderabad,Sunrisers Hyderabad,field,0.588495575221239,0.47337278106508873,0
2024,Jaipur,"Sawai Mansingh Stadium, Jaipur",Royal Challengers Bengaluru,Rajasthan Royals,Rajasthan Royals,field,0.25,0.5120772946859904,0
2024,Mumbai,"Wankhede Stadium, Mumbai",Mumbai Indians,Delhi Capitals,Delhi Capitals,field,0.56,0.5185185185185185,1
2024,Lucknow,"Bharat Ratna Shri Atal Bihari Vajpayee Ekana Cricket Stadium, Lucknow",Lucknow Super Giants,Gujarat Titans,Lucknow Super Giants,bat,0.59375,0.6756756756756757,1
2024,Chennai,"MA Chidambaram Stadium, Chepauk, Chennai",Kolkata Knight Riders,Chennai Super Kings,Chennai Super Kings,field,0.5125,0.5859030837004405,0
2024,Mohali,"Maharaja Yadavindra Singh International Cricket Stadium, Mullanpur",Sunrisers Hyderabad,Punjab Kings,Punjab Kings,field,0.4764705882352941,0.45652173913043476,1
2024,Jaipur,"Sawai Mansingh Stadium, Jaipur",Rajasthan Royals,Gujarat Titans,Gujarat Titans,field,0.5144230769230769,0.6578947368421053,0
2024,Mumbai,"Wankhede Stadium, Mumbai",Royal Challengers Bengaluru,Mumbai Indians,Mumbai Indians,field,0.2,0.5617529880478087,0
2024,Lucknow,"Bharat Ratna Shri Atal Bihari Vajpayee Ekana Cricket Stadium, Lucknow",Lucknow Super Giants,Delhi Capitals,Lucknow Super Giants,bat,0.6060606060606061,0.5121951219512195,0
2024,Mohali,"Maharaja Yadavindra Singh International Cricket Stadium, Mullanpur",Punjab Kings,Rajasthan Royals,Rajasthan Royals,field,0.44680851063829785,0.5119617224880383,0
2024,Mumbai,"Wankhede Stadium, Mumbai",Chennai Super Kings,Mumbai Indians,Mumbai Indians,field,0.5877192982456141,0.5634920634920635,1
2024,Kolkata,"Eden Gardens, Kolkata",Lucknow Super Giants,Kolkata Knight Riders,Kolkata Knight Riders,field,0.5882352941176471,0.5103734439834025,0
2024,Bengaluru,"M Chinnaswamy Stadium, Bengaluru",Sunrisers Hyderabad,Royal Challengers Bengaluru,Royal Challengers Bengaluru,field,0.47953216374269003,0.16666666666666666,1
2024,Kolkata,"Eden Gardens, Kolkata",Kolkata Knight Riders,Rajasthan Royals,Rajasthan Royals,field,0.512396694214876,0.5142857142857142,0
2024,Ahmedabad,"Narendra Modi Stadium, Ahmedabad",Gujarat Titans,Delhi Capitals,Delhi Capitals,field,0.6666666666666666,0.5180722891566265,0
2024,Mohali,"Maharaja Yadavindra Singh International Cricket Stadium, Mullanpur",Mumbai Indians,Punjab Kings,Punjab Kings,field,0.5612648221343873,0.4375,1
2024,Lucknow,"Bharat Ratna Shri Atal Bihari Vajpayee Ekana Cricket Stadium, Lucknow",Chennai Super Kings,Lucknow Super Giants,Lucknow Super Giants,field,0.5895196506550219,0.5714285714285714,0
2024,Delhi,"Arun Jaitley Stadium, Delhi",Sunrisers Hyderabad,Delhi Capitals,Delhi Capitals,field,0.48255813953488375,0.5238095238095238,1
2024,Mohali,"Maharaja Yadavindra Singh International Cricket Stadium, Mullanpur",Punjab Kings,Gujarat Titans,Punjab Kings,bat,0.42857142857142855,0.65,0
2024,Kolkata,"Eden Gardens, Kolkata",Kolkata Knight Riders,Royal Challengers Bengaluru,Royal Challengers Bengaluru,field,0.5102880658436214,0.14285714285714285,1
2024,Jaipur,"Sawai Mansingh Stadium, Jaipur",Mumbai Indians,Rajasthan Royals,Mumbai Indians,bat,0.562992125984252,0.5165876777251185,0
2024,Chennai,"MA Chidambaram Stadium, Chepauk, Chennai",Chennai Super Kings,Lucknow Super Giants,Lucknow Super Giants,field,0.5869565217391305,0.5833333333333334,0
2024,Delhi,"Arun Jaitley Stadium, Delhi",Delhi Capitals,Gujarat Titans,Gujarat Titans,field,0.5176470588235295,0.6585365853658537,1
2024,Hyderabad,"Rajiv Gandhi International Stadium, Uppal, Hyderabad",Royal Challengers Bengaluru,Sunrisers Hyderabad,Royal Challengers Bengaluru,bat,0.125,0.48554913294797686,1
2024,Kolkata,"Eden Gardens, Kolkata",Kolkata Knight Riders,Punjab Kings,Punjab Kings,field,0.5122950819672131,0.42,0
2024,Delhi,"Arun Jaitley Stadium, Delhi",Delhi Capitals,Mumbai Indians,Mumbai Indians,field,0.5232558139534884,0.5607843137254902,1
2024,Lucknow,"Bharat Ratna Shri Atal Bihari Vajpayee Ekana Cricket Stadium, Lucknow",Lucknow Super Giants,Rajasthan Royals,Rajasthan Royals,field,0.5945945945945946,0.5188679245283019,0
2024,Ahmedabad,"Narendra Modi Stadium, Ahmedabad",Gujarat Titans,Royal Challengers Bengaluru,Royal Challengers Bengaluru,field,0.6428571428571429,0.2222222222222222,0
2024,Chennai,"MA Chidambaram Stadium, Chepauk, Chennai",Chennai Super Kings,Sunrisers Hyderabad,Sunrisers Hyderabad,field,0.5844155844155844,0.4827586206896552,1
2024,Kolkata,"Eden Gardens, Kolkata",Delhi Capitals,Kolkata Knight Riders,Delhi Capitals,bat,0.5287356321839081,0.5102040816326531,0
2024,Lucknow,"Bharat Ratna Shri Atal Bihari Vajpayee Ekana Cricket Stadium, Lucknow",Mumbai Indians,Lucknow Super Giants,Lucknow Super Giants,field,0.55859375,0.5789473684210527,0
2024,Chennai,"MA Chidambaram Stadium, Chepauk, Chennai",Chennai Super Kings,Punjab Kings,Punjab Kings,field,0.5862068965517241,0.43137254901960786,0
2024,Hyderabad,"Rajiv Gandhi International Stadium, Uppal, Hyderabad",Sunrisers Hyderabad,Rajasthan Royals,Sunrisers Hyderabad,bat,0.48,0.5211267605633803,1
2024,Mumbai,"Wankhede Stadium, Mumbai",Kolkata Knight Riders,Mumbai Indians,Mumbai Indians,field,0.5121951219512195,0.556420233463035,1
2024,Bengaluru,"M Chinnaswamy Stadium, Bengaluru",Gujarat Titans,Royal Challengers Bengaluru,Royal Challengers Bengaluru,field,0.627906976744186,0.3,0
2024,Lucknow,"Bharat Ratna Shri Atal Bihari Vajpayee Ekana Cricket Stadium, Lucknow",Kolkata Knight Riders,Lucknow Super Giants,Lucknow Super Giants,field,0.5141700404858299,0.5897435897435898,1
2024,Dharamsala,"Himachal Pradesh Cricket Association Stadium, Dharamsala",Chennai Super Kings,Punjab Kings,Punjab Kings,field,0.5836909871244635,0.4423076923076923,1
2024,Mumbai,"Wankhede Stadium, Mumbai",Sunrisers Hyderabad,Mumbai Indians,Mumbai Indians,field,0.48295454545454547,0.5542635658914729,0
2024,Delhi,"Arun Jaitley Stadium, Delhi",Delhi Capitals,Rajasthan Royals,Rajasthan Royals,field,0.5227272727272727,0.5186915887850467,1
2024,Hyderabad,"Rajiv Gandhi International Stadium, Uppal, Hyderabad",Lucknow Super Giants,Sunrisers Hyderabad,Lucknow Super Giants,bat,0.575,0.480225988700565,0
2024,Dharamsala,"Himachal Pradesh Cricket Association Stadium, Dharamsala",Royal Challengers Bengaluru,Punjab Kings,Punjab Kings,field,0.36363636363636365,0.4339622641509434,1
2024,Ahmedabad,"Narendra Modi Stadium, Ahmedabad",Gujarat Titans,Chennai Super Kings,Chennai Super Kings,field,0.6136363636363636,0.5854700854700855,1
2024,Kolkata,"Eden Gardens, Kolkata",Kolkata Knight Riders,Mumbai Indians,Mumbai Indians,field,0.5161290322580645,0.555984555984556,1
2024,Chennai,"MA Chidambaram Stadium, Chepauk, Chennai",Rajasthan Royals,Chennai Super Kings,Rajasthan Royals,bat,0.5162790697674419,0.5829787234042553,0
2024,Bengaluru,"M Chinnaswamy Stadium, Bengaluru",Royal Challengers Bengaluru,Delhi Capitals,Delhi Capitals,field,0.4166666666666667,0.5280898876404494,1
2024,Delhi,"Arun Jaitley Stadium, Delhi",Delhi Capitals,Lucknow Super Giants,Lucknow Super Giants,field,0.5222222222222223,0.5609756097560976,1
2024,Guwahati,"Barsapara Cricket Stadium, Guwahati",Rajasthan Royals,Punjab Kings,Rajasthan Royals,bat,0.5138888888888888,0.42592592592592593,0
2024,Mumbai,"Wankhede Stadium, Mumbai",Lucknow Super Giants,Mumbai Indians,Mumbai Indians,field,0.5476190476190477,0.5538461538461539,1
2024,Bengaluru,"M Chinnaswamy Stadium, Bengaluru",Royal Challengers Bengaluru,Chennai Super Kings,Chennai Super Kings,field,0.46153846153846156,0.5847457627118644,1
2024,Hyderabad,"Rajiv Gandhi International Stadium, Uppal, Hyderabad",Punjab Kings,Sunrisers Hyderabad,Punjab Kings,bat,0.43636363636363634,0.48314606741573035,0
2024,Ahmedabad,"Narendra Modi Stadium, Ahmedabad",Sunrisers Hyderabad,Kolkata Knight Riders,Sunrisers Hyderabad,bat,0.4860335195530726,0.5180722891566265,0
2024,Ahmedabad,"Narendra Modi Stadium, Ahmedabad",Royal Challengers Bengaluru,Rajasthan Royals,Rajasthan Royals,field,0.5,0.511520737327189,0
2024,Chennai,"MA Chidambaram Stadium, Chepauk, Chennai",Sunrisers Hyderabad,Rajasthan Royals,Rajasthan Royals,field,0.48333333333333334,0.5137614678899083,1
2024,Chennai,"MA Chidambaram Stadium, Chepauk, Chennai",Sunrisers Hyderabad,Kolkata Knight Riders,Sunrisers Hyderabad,bat,0.4861878453038674,0.52,0
